label,point_count,center,number_candidates
2,986843,[ 218 1519],"[(55, 110, 3103, 3166), (85, 140, 2154, 2217), (136, 191, 2452, 2515), (173, 228, 1332, 1396), (236, 291, 837, 900), (252, 307, 452, 515)]"
3,216181,[ 171 3768],"[(145, 199, 3574, 3638)]"
4,913,[  42 4268],"[(24, 64, 4244, 4293)]"
6,28112,[ 222 4386],"[(204, 258, 4368, 4425)]"
7,27125,[ 163 4488],"[(229, 284, 4495, 4558)]"
8,6686,[  88 4425],"[(32, 86, 4385, 4442)]"
9,5780,[  51 4532],"[(20, 75, 4500, 4564)]"
10,214985,[ 575 4687],"[(365, 420, 4693, 4757), (677, 732, 4645, 4709)]"
11,7825,[ 176 4902],"[(39, 92, 4876, 4935)]"
12,49456,[  99 5065],"[(79, 134, 4975, 5038)]"
13,9988,[ 144 5200],"[(134, 179, 5125, 5191)]"
14,933521,[ 492 5768],"[(266, 321, 5951, 6015), (340, 395, 5466, 5529), (659, 714, 5429, 5493), (857, 912, 6023, 6086)]"
15,29872,[ 167 4812],"[(140, 195, 4776, 4839)]"
16,302103,[ 631 4230],"[(445, 499, 4226, 4283), (735, 790, 4128, 4186)]"
17,53663,[ 214 3322],"[(155, 210, 3262, 3326)]"
18,28989,[ 161 4640],"[(75, 130, 4625, 4682)]"
19,125448,[ 241 3011],"[(284, 339, 3109, 3173)]"
22,14968,[ 140 5442],"[(102, 156, 5432, 5496)]"
23,2202,[  82 5333],[]
24,8320,[ 260 4349],"[(312, 355, 4346, 4409)]"
25,2313,[ 107 4469],"[(74, 128, 4442, 4490)]"
27,5228,[ 137 4520],"[(92, 147, 4494, 4552)]"
30,34226,[ 283 5002],"[(286, 340, 4946, 5010)]"
31,10992,[ 286 5319],"[(131, 183, 5300, 5360)]"
33,18231,[ 179 1947],[]
35,97585,[ 517 5111],"[(579, 634, 5052, 5116)]"
36,68784,[303 309],"[(332, 387, 256, 320)]"
39,2097063,[ 827 2251],"[(528, 583, 1712, 1770), (535, 590, 2989, 3047), (541, 595, 141, 199), (567, 622, 2023, 2081), (589, 644, 1075, 1133), (600, 655, 3268, 3325), (727, 782, 1199, 1257), (908, 962, 3488, 3546), (971, 1025, 1620, 1677), (1010, 1065, 2302, 2360), (1011, 1066, 2793, 2851)]"
41,14817,[ 303 4046],"[(248, 303, 4035, 4092)]"
42,109323,[ 443 1354],"[(424, 479, 1389, 1453), (483, 538, 1026, 1090)]"
47,160600,[ 449 2434],"[(420, 475, 2245, 2309), (454, 508, 2698, 2762)]"
48,3983,[ 227 3997],"[(198, 252, 3969, 4026)]"
50,4846,[ 270 3916],"[(241, 296, 3886, 3944)]"
51,4590,[ 342 4486],"[(322, 362, 4473, 4523)]"
52,5963,[ 363 5032],"[(315, 366, 5020, 5081)]"
54,14281,[ 496 4462],"[(479, 534, 4417, 4494)]"
56,29528,[ 890 4527],"[(646, 701, 4475, 4538), (1318, 1373, 4514, 4578)]"
59,9098,[ 378 3927],"[(315, 370, 3926, 3990)]"
60,53511,[ 434 3881],"[(335, 389, 3778, 3842)]"
64,40066,[ 927 4801],"[(369, 424, 4829, 4905), (1355, 1402, 4670, 4738)]"
65,15749,[ 444 3723],"[(426, 480, 3684, 3747)]"
67,4800,[ 377 3449],"[(347, 402, 3418, 3476)]"
71,1985,[ 377 3694],"[(357, 400, 3665, 3728)]"
73,9763,[ 511 4526],"[(526, 581, 4491, 4548)]"
75,16373,[ 477 3621],"[(443, 498, 3585, 3648)]"
77,2815,[ 428 4013],"[(425, 473, 3991, 4048)]"
80,1978,[ 426 3763],"[(404, 448, 3733, 3791)]"
81,2258,[ 443 3527],"[(411, 457, 3493, 3555)]"
82,3774,[ 465 4917],"[(436, 491, 4892, 4950)]"
86,317045,[2332 4749],"[(913, 963, 3989, 4059), (1425, 1476, 4017, 4087), (1700, 1742, 4367, 4430), (2003, 2054, 4641, 4712), (2248, 2303, 4847, 4921), (2864, 2919, 4970, 5044), (2959, 3014, 4724, 4799), (3071, 3126, 5138, 5212), (3091, 3146, 4663, 4737)]"
88,4080,[ 533 3877],"[(563, 602, 3890, 3948)]"
90,11449,[ 553 3574],"[(484, 538, 3509, 3572)]"
91,42203,[ 645 6083],"[(497, 551, 6210, 6274)]"
93,29309,[1093 4487],"[(931, 986, 4429, 4497), (1463, 1518, 4486, 4558)]"
95,49796,[ 679 3872],"[(619, 673, 3822, 3879)]"
96,23496,[ 790 4941],"[(891, 946, 4876, 4940)]"
100,2077,[ 581 4871],"[(545, 590, 4850, 4901)]"
101,22865,[ 728 4920],"[(729, 783, 4883, 4947)]"
102,53495,[ 825 5194],"[(690, 744, 5213, 5277)]"
103,3936,[ 597 3475],[]
108,1457,[ 643 3570],"[(622, 667, 3541, 3601)]"
109,2174,[ 671 4313],"[(634, 680, 4290, 4349)]"
110,1931725,[1323 1062],"[(990, 1045, 286, 349), (998, 1052, 880, 944), (1203, 1258, 1256, 1320), (1255, 1310, 2215, 2278), (1278, 1328, 2414, 2475), (1367, 1421, 2443, 2506), (1422, 1477, 1975, 2038), (1435, 1489, 133, 196), (1477, 1531, 986, 1049), (1589, 1644, 1318, 1382)]"
112,3997,[ 749 3648],"[(689, 731, 3591, 3647)]"
115,5875,[ 803 3759],"[(824, 879, 3731, 3794)]"
117,23390,[ 765 2197],"[(754, 809, 2188, 2252)]"
121,60871,[ 966 3895],"[(938, 992, 3869, 3927)]"
123,14180,[ 998 5220],"[(986, 1033, 5183, 5249)]"
127,9727,[ 867 3081],"[(843, 897, 3080, 3144)]"
128,8373,[ 823 1995],"[(799, 854, 1927, 1991)]"
129,9942,[ 938 4829],"[(942, 997, 4793, 4870)]"
130,27099,[1286 6253],"[(1142, 1197, 6214, 6278), (1705, 1760, 6266, 6324)]"
131,27367,[ 963 5529],"[(906, 960, 5481, 5545)]"
132,12957,[ 979 4360],"[(943, 997, 4372, 4436)]"
133,49641,[1050 4645],"[(1152, 1207, 4530, 4587)]"
134,11971,[1021 3795],"[(923, 971, 3742, 3809)]"
135,10632,[ 942 6259],"[(960, 1015, 6257, 6321)]"
138,14564,[ 921 5345],"[(893, 947, 5313, 5377)]"
139,5159,[ 956 5005],"[(903, 958, 4982, 5032)]"
143,18525,[1243 4969],"[(1307, 1360, 4885, 4958)]"
145,6019,[1009 4964],"[(975, 1029, 4939, 4992)]"
148,25436,[1268 6294],"[(1052, 1106, 6258, 6315)]"
149,23851,[1044 5303],"[(1017, 1071, 5280, 5337)]"
151,111931,[1161 6010],"[(1121, 1175, 6112, 6176)]"
152,65344,[1378 4832],"[(1482, 1536, 4794, 4857)]"
155,16648,[1083 5077],"[(1081, 1136, 5032, 5096)]"
156,27536,[1170 4848],"[(1096, 1150, 4835, 4898)]"
157,3616,[1012 5622],"[(990, 1045, 5586, 5644)]"
158,4955,[1021 5471],"[(1003, 1057, 5430, 5488)]"
159,27633,[1135 4694],"[(1153, 1207, 4646, 4710)]"
162,10082,[1199 4476],"[(1240, 1292, 4445, 4516)]"
163,17656,[1138 4409],"[(1049, 1103, 4371, 4429)]"
164,2442,[1047 6005],"[(1019, 1074, 5974, 6037)]"
166,28969,[1238 3994],"[(1215, 1269, 3958, 4021)]"
167,2599,[1050 6179],"[(1023, 1078, 6152, 6210)]"
168,8921,[1093 3900],"[(1039, 1094, 3923, 3987)]"
169,4553,[1165 4767],"[(1164, 1205, 4730, 4792)]"
170,52591,[1206 4217],"[(1204, 1258, 4180, 4243)]"
171,148409,[1244 5657],"[(1180, 1234, 5587, 5650)]"
172,1729,[1090 4323],"[(1066, 1119, 4299, 4349)]"
173,5128,[1103 3372],"[(1064, 1117, 3311, 3373)]"
174,13891,[1264 4638],"[(1294, 1349, 4618, 4682)]"
176,21120,[1547 5351],"[(1562, 1616, 5329, 5405)]"
178,9415,[1147 5286],"[(1110, 1158, 5255, 5315)]"
179,73038,[1460 4413],"[(1479, 1533, 4370, 4434)]"
180,56756,[1286 3544],"[(1262, 1316, 3579, 3643)]"
181,4538,[1167 5061],"[(1141, 1187, 5047, 5106)]"
182,14050,[1340 4275],"[(1385, 1439, 4247, 4310)]"
184,13831,[1203 3474],"[(1177, 1231, 3435, 3493)]"
185,102270,[1382 5190],"[(1232, 1287, 5245, 5308)]"
186,2294,[1157 3490],"[(1133, 1177, 3455, 3519)]"
190,308737,[2361 5752],"[(1451, 1506, 5918, 5993), (2106, 2161, 5745, 5820), (2570, 2625, 5664, 5739)]"
193,89939,[1436 6094],"[(1524, 1579, 6023, 6081)]"
194,5020,[1242 5113],"[(1214, 1258, 5086, 5151)]"
195,10255,[1221 3690],"[(1207, 1261, 3737, 3800)]"
197,2644,[1222 5736],"[(1200, 1248, 5707, 5767)]"
198,12527,[1256 5044],"[(1206, 1261, 5026, 5089)]"
199,4701,[1281 4963],"[(1252, 1303, 4935, 4988)]"
200,3157,[1244 3875],"[(1217, 1265, 3841, 3909)]"
201,1616,[1231 3666],"[(1207, 1253, 3632, 3699)]"
208,2651,[1307 5694],"[(1288, 1341, 5660, 5723)]"
209,8813,[1361 1859],"[(1395, 1449, 1825, 1888)]"
211,33026,[1388 3168],"[(1313, 1354, 3166, 3222), (1335, 1390, 3875, 3939), (1439, 1482, 2495, 2552)]"
214,21600,[1441 4601],"[(1386, 1441, 4575, 4638)]"
215,39403,[1593 5508],"[(1461, 1516, 5497, 5560)]"
216,72759,[1495 5772],"[(1464, 1519, 5755, 5819)]"
217,11579,[1467 4942],"[(1434, 1483, 4908, 4977)]"
219,7541,[1548 4522],"[(1566, 1614, 4500, 4556), (1576, 1606, 4526, 4576)]"
220,40255,[1566 1592],"[(1596, 1650, 1504, 1567)]"
225,6198,[1423 4261],"[(1450, 1496, 4247, 4312)]"
226,58665,[1454 3389],"[(1384, 1438, 3159, 3233), (1448, 1503, 3377, 3451)]"
227,19843,[1561 5310],"[(1453, 1507, 5290, 5367)]"
228,6054,[1388 5196],"[(1349, 1403, 5174, 5237)]"
230,222714,[1848 2600],"[(1615, 1670, 2952, 3029), (1653, 1708, 3184, 3261), (1816, 1871, 2319, 2395), (2003, 2057, 2318, 2395)]"
231,17993,[1387 3408],"[(1363, 1418, 3469, 3543)]"
232,681415,[2331 2485],"[(1447, 1502, 2903, 2980), (1948, 2003, 2118, 2194), (2255, 2310, 1872, 1949), (2366, 2421, 2563, 2639), (2773, 2828, 2560, 2637), (2875, 2930, 2121, 2198)]"
234,7069,[1394 3096],"[(1381, 1435, 3062, 3135)]"
235,65310,[1643 2652],"[(1512, 1567, 2582, 2659)]"
238,16507,[1455 4095],"[(1367, 1418, 4022, 4093)]"
239,5881,[1387 3683],"[(1362, 1416, 3633, 3709)]"
240,4821,[1440 4748],"[(1405, 1460, 4714, 4776)]"
242,125609,[1775 3871],"[(1566, 1621, 3865, 3939), (1689, 1744, 4112, 4187), (1924, 1978, 3699, 3774), (2112, 2165, 4392, 4466)]"
244,21148,[1709 5303],"[(1675, 1730, 5291, 5368)]"
245,12577,[1459 3938],"[(1398, 1453, 3847, 3923)]"
246,1819,[1416 4834],"[(1389, 1443, 4810, 4862)]"
247,5288,[1448 4131],"[(1404, 1459, 4090, 4163)]"
249,39179,[1802 5393],"[(1843, 1898, 5407, 5481)]"
250,47721,[1650 5110],"[(1629, 1684, 4974, 5038)]"
253,2951,[1459 5610],"[(1430, 1485, 5584, 5637)]"
254,6192,[1496 4181],"[(1427, 1480, 4143, 4214)]"
256,35691,[1516 3815],"[(1469, 1524, 3719, 3793)]"
257,142975,[1601  436],"[(1558, 1613, 439, 496)]"
258,25070,[1513 3243],"[(1466, 1521, 3232, 3306)]"
259,9564,[1620 2384],"[(1570, 1616, 2368, 2433)]"
260,21889,[1709 4909],"[(1767, 1822, 4875, 4949)]"
261,11698,[1593 5617],"[(1572, 1627, 5581, 5638)]"
264,5374,[1599 4354],"[(1577, 1624, 4324, 4384)]"
269,14013,[1658 4271],"[(1736, 1777, 4233, 4295)]"
273,5407,[1549 4708],"[(1528, 1582, 4676, 4739)]"
278,3798,[1539 3319],"[(1506, 1561, 3302, 3377)]"
279,38325,[1851 1996],"[(1714, 1757, 2233, 2296)]"
280,12552,[1581 5473],"[(1554, 1609, 5447, 5511)]"
281,2745,[1536 3975],"[(1512, 1564, 3940, 4011)]"
282,33670,[1762 4329],"[(1802, 1856, 4322, 4399)]"
283,9658,[1621 4151],"[(1556, 1606, 4086, 4155)]"
286,83075,[1993 2793],"[(1935, 1990, 2740, 2816), (2303, 2358, 2813, 2890)]"
288,12549,[1660 5072],"[(1704, 1759, 5031, 5106)]"
290,48512,[1731 3447],"[(1566, 1621, 3392, 3469)]"
291,12473,[1652 2191],"[(1671, 1726, 2162, 2225)]"
292,11327,[1745 3606],[]
293,5883,[1682 4814],"[(1681, 1727, 4770, 4837)]"
294,5164,[1677 4880],"[(1673, 1725, 4829, 4888)]"
297,5623,[1661 4607],"[(1641, 1695, 4567, 4643)]"
300,4586,[1650 4887],"[(1625, 1679, 4850, 4914)]"
301,21295,[1686 5791],"[(1656, 1710, 5682, 5745)]"
303,44466,[1706 6115],"[(1679, 1733, 6077, 6141)]"
304,4306,[1665 4228],"[(1642, 1690, 4196, 4265)]"
305,91000,[1829 3930],"[(1777, 1832, 3834, 3911)]"
306,7749,[1731 4551],"[(1743, 1798, 4519, 4594)]"
307,6872,[1673 3549],"[(1660, 1713, 3532, 3607)]"
308,30084,[1725 4686],"[(1683, 1738, 4663, 4726)]"
309,5416,[1715 2213],"[(1644, 1691, 2224, 2291)]"
311,8949,[1679 3329],"[(1651, 1706, 3264, 3339)]"
312,16049,[1795 5599],"[(1879, 1934, 5520, 5594)]"
314,3981,[1695 5522],"[(1665, 1719, 5492, 5556)]"
315,33907,[1819 6092],"[(1797, 1851, 6032, 6095)]"
318,93362,[1937  913],"[(1921, 1975, 852, 915), (1969, 2024, 483, 547)]"
319,5425,[1774 5092],"[(1800, 1845, 5029, 5094)]"
321,11706,[1850 2674],"[(1860, 1915, 2645, 2713)]"
322,58939,[2003 4233],"[(1780, 1835, 3968, 4045), (2298, 2337, 4489, 4548)]"
327,14220,[1884 1523],"[(1779, 1834, 1511, 1575)]"
329,27369,[1806 5736],"[(1738, 1792, 5723, 5786)]"
330,65074,[1826  876],"[(1827, 1881, 711, 774)]"
331,2325,[1724 4031],"[(1701, 1749, 3995, 4066)]"
332,11531,[1850 4652],"[(1847, 1901, 4612, 4686)]"
333,14694,[1836 4992],"[(1780, 1835, 4965, 5039)]"
334,2102,[1756 5884],"[(1735, 1787, 5851, 5917)]"
336,48415,[2040 2971],"[(2058, 2112, 2876, 2952)]"
337,125587,[1992 3424],"[(1752, 1807, 3369, 3445)]"
338,3229,[1759 3248],"[(1733, 1782, 3210, 3277)]"
341,77608,[2217 4610],"[(2157, 2212, 4668, 4742), (2303, 2358, 4517, 4592)]"
342,27138,[2047 4932],"[(1848, 1903, 4887, 4962)]"
344,8505,[1820 2965],"[(1775, 1830, 2919, 2992)]"
345,5896,[1870 5188],"[(1874, 1928, 5154, 5215)]"
347,15080,[1883 5118],"[(1861, 1915, 5074, 5148)]"
348,17195,[1892 4844],"[(1825, 1880, 4787, 4850)]"
349,7625,[1889 4718],"[(1929, 1983, 4662, 4729)]"
350,7798,[1878 3793],"[(1870, 1925, 3762, 3834)]"
351,71397,[2082 5539],"[(2029, 2083, 5520, 5594)]"
353,2146,[1797 2307],"[(1771, 1819, 2278, 2347)]"
354,40707,[2167 5310],"[(1862, 1916, 5287, 5361)]"
355,5698,[1869 5976],"[(1850, 1905, 5908, 5971)]"
356,27443,[2308 5889],"[(2242, 2296, 5843, 5904), (2338, 2392, 5843, 5908)]"
357,27062,[1915 6207],"[(1862, 1916, 6154, 6228)]"
358,9135,[1849 3235],"[(1796, 1849, 3194, 3266)]"
359,21068,[1915 5756],"[(1909, 1964, 5785, 5849)]"
361,64103,[2037 4159],"[(1993, 2048, 4111, 4188)]"
363,4005,[1860 5501],"[(1806, 1861, 5469, 5530)]"
364,10673,[1936 5358],"[(1858, 1912, 5340, 5403)]"
368,20329,[2006 2004],"[(1964, 2019, 1980, 2055)]"
369,65293,[1923  242],"[(1905, 1959, 170, 233)]"
370,17301,[2018 3669],"[(1843, 1898, 3640, 3715)]"
371,14732,[1939 2233],"[(1947, 2001, 2194, 2270)]"
372,273,[1829 3176],[]
373,2413,[1850  624],"[(1823, 1878, 584, 654)]"
377,2567,[1876 4445],"[(1841, 1891, 4419, 4473)]"
378,8989,[1950 4327],"[(1848, 1902, 4219, 4288)]"
379,23184,[2009 4812],"[(2073, 2128, 4793, 4867)]"
381,4073,[1880 2938],"[(1841, 1896, 2892, 2968)]"
382,5146,[1977 4479],"[(1964, 2015, 4444, 4515)]"
383,13947,[1925 3148],"[(1848, 1903, 3183, 3257)]"
386,4435,[1932 5009],"[(1898, 1946, 4985, 5049)]"
388,3330,[1938 2269],"[(1887, 1934, 2238, 2297)]"
390,48544,[2224 4599],"[(2161, 2215, 4564, 4640)]"
392,14318,[2032 6232],"[(2023, 2078, 6168, 6242)]"
394,4531,[1923 4335],"[(1901, 1948, 4304, 4370)]"
396,17602,[2035 5036],"[(1986, 2041, 5005, 5079)]"
398,8778,[1972 1446],"[(1903, 1957, 1412, 1475)]"
400,19355,[2031 3946],"[(1891, 1946, 3895, 3970)]"
401,5165,[1927  498],"[(1908, 1962, 472, 546)]"
402,57347,[2165 6135],"[(2087, 2141, 6125, 6199), (2357, 2387, 6112, 6162)]"
403,46245,[2024 1749],"[(2026, 2080, 1777, 1840)]"
404,3277,[1944 4785],"[(1910, 1965, 4749, 4818)]"
405,22002,[2050 3099],"[(1967, 2022, 3116, 3190)]"
407,4965,[1969 3236],"[(1934, 1989, 3206, 3282)]"
408,6649,[2033 4843],"[(1985, 2036, 4782, 4853)]"
410,172945,[2358 3766],"[(2185, 2240, 3803, 3877)]"
415,3534,[1999 1742],"[(1991, 2037, 1699, 1765)]"
416,13558,[2058 1595],"[(2054, 2109, 1526, 1590)]"
417,29097,[2041  256],"[(2042, 2096, 30, 104)]"
418,77407,[2105  727],"[(2121, 2175, 585, 659)]"
420,1399757,[2618  940],"[(2325, 2379, 267, 342), (2477, 2532, 899, 974), (2520, 2574, 1533, 1608), (2739, 2794, 817, 892), (2747, 2802, 368, 442), (2868, 2923, 1717, 1791)]"
422,15868,[2066 5325],"[(2073, 2127, 5280, 5343)]"
423,3948,[1984 5117],"[(1958, 2013, 5088, 5152)]"
424,2405,[1976 3074],"[(1950, 2000, 3041, 3110)]"
427,1725,[2009 3647],"[(1981, 2025, 3629, 3663)]"
428,64736,[2299 1593],"[(2186, 2241, 1493, 1567)]"
429,7449,[2125 3610],"[(2035, 2090, 3577, 3649)]"
431,31170,[2218 2522],"[(2029, 2084, 2482, 2558)]"
432,57271,[2521 2754],"[(2317, 2371, 2713, 2787), (2737, 2791, 2745, 2820)]"
436,67087,[2807 2684],"[(2514, 2568, 2682, 2759), (3238, 3293, 2592, 2669)]"
439,43177,[2184 5991],"[(2227, 2281, 5901, 5975)]"
440,3773,[2107 2987],"[(2113, 2166, 2946, 3017)]"
442,5278,[2070 5116],"[(2041, 2093, 5082, 5139)]"
445,20307,[2086 1257],"[(2042, 2096, 1180, 1254)]"
446,5528,[2081 1484],"[(2061, 2114, 1456, 1518)]"
447,7064,[2067  763],"[(2036, 2091, 728, 791)]"
448,2541,[2039 5190],"[(2011, 2066, 5159, 5223)]"
451,15473,[2152 3114],"[(2152, 2207, 3048, 3125)]"
452,5564,[2174 1696],"[(2178, 2233, 1666, 1730)]"
453,51805,[2344 5096],"[(2395, 2450, 5036, 5099)]"
454,39034,[2306 2262],"[(2335, 2389, 2155, 2231)]"
455,38672,[2269 3450],"[(2354, 2409, 3396, 3473)]"
456,2430,[2078 3092],"[(2053, 2102, 3059, 3128)]"
458,4950,[2108 4341],"[(2083, 2131, 4308, 4375)]"
461,11914,[2241 1440],"[(2145, 2199, 1416, 1483)]"
465,14427,[2199 5014],"[(2160, 2215, 4987, 5050)]"
466,24074,[2257 1138],"[(2078, 2132, 1046, 1120)]"
467,4089,[2122 3847],"[(2096, 2148, 3794, 3866)]"
469,5936,[2127 3182],"[(2101, 2149, 3151, 3220)]"
471,2263,[2112 4758],"[(2088, 2139, 4727, 4795)]"
472,12243,[2206 5467],"[(2141, 2196, 5432, 5507)]"
474,4258,[2114 6026],"[(2087, 2141, 5997, 6060)]"
476,1350,[2125 3626],"[(2096, 2143, 3611, 3649)]"
477,9390,[2275 5241],"[(2201, 2253, 5219, 5290)]"
478,7710,[2224 3441],"[(2235, 2280, 3352, 3414)]"
483,11789,[2215 2500],"[(2193, 2247, 2471, 2547)]"
484,4176,[2141 4257],"[(2106, 2159, 4207, 4280)]"
488,11996,[2342 5180],"[(2350, 2405, 5141, 5217)]"
489,53445,[2351 5534],"[(2306, 2361, 5505, 5579)]"
490,3174,[2182 3000],"[(2157, 2206, 2968, 3024)]"
491,7525,[2173 6186],"[(2136, 2190, 6174, 6249)]"
492,4101,[2210 3463],"[(2189, 2238, 3443, 3501)]"
494,9427,[2236 5338],"[(2238, 2292, 5310, 5373)]"
495,67460,[2547 1942],"[(2419, 2474, 1864, 1941)]"
496,2995,[2174 4073],"[(2145, 2200, 4043, 4106)]"
497,2733,[2170 3334],"[(2135, 2187, 3304, 3377)]"
498,3903,[2170 3265],"[(2136, 2186, 3246, 3316)]"
499,33187,[2314 6236],"[(2309, 2364, 6175, 6238)]"
500,13615,[2258 4770],"[(2210, 2265, 4744, 4820)]"
501,11718,[2348 4728],"[(2396, 2444, 4685, 4752)]"
503,5840,[2245 5208],"[(2214, 2268, 5178, 5240)]"
505,2993,[2211 4288],[]
506,15804,[2344 2971],"[(2316, 2371, 2933, 3010)]"
507,2795,[2205 3440],"[(2173, 2228, 3410, 3476)]"
508,9060,[2243 3283],"[(2227, 2282, 3204, 3267)]"
510,790,[2237 4732],[]
511,1716,[2236 4317],"[(2226, 2271, 4287, 4347)]"
514,3726,[2210 3283],"[(2185, 2239, 3244, 3321)]"
516,12737,[2329 1758],"[(2295, 2350, 1713, 1787)]"
517,11741,[2344  754],"[(2300, 2354, 711, 774)]"
518,3195,[2230 4233],"[(2207, 2261, 4187, 4250)]"
520,2112,[2237 5745],"[(2212, 2266, 5719, 5771)]"
523,1930,[2260 3190],"[(2248, 2294, 3162, 3224)]"
525,14346,[2343 4281],"[(2338, 2390, 4225, 4296)]"
526,17394,[2296 3965],"[(2261, 2316, 3940, 4014)]"
528,3203,[2354 5214],"[(2306, 2348, 5194, 5241)]"
529,26095,[2403 4401],"[(2302, 2357, 4322, 4396)]"
531,36293,[2556 4505],"[(2612, 2667, 4461, 4537)]"
532,10306,[2328 3640],"[(2246, 2300, 3656, 3729)]"
533,2616,[2266 3309],"[(2240, 2292, 3278, 3340)]"
534,16642,[2396 5729],"[(2424, 2478, 5687, 5761)]"
536,6908,[2297 4248],"[(2272, 2327, 4205, 4279)]"
538,7487,[2308 2297],[]
539,4285,[2300 3074],"[(2276, 2324, 3042, 3110)]"
540,2847,[2289 3166],"[(2263, 2311, 3129, 3196)]"
541,5390,[2334 5688],"[(2298, 2352, 5653, 5717)]"
543,3056,[2294 3405],"[(2262, 2316, 3375, 3447)]"
545,11525,[2326 3296],"[(2309, 2364, 3242, 3316)]"
547,3945,[2327 5749],"[(2316, 2370, 5728, 5794)]"
548,16707,[2480 4389],"[(2413, 2468, 4361, 4438)]"
549,9387,[2398 6291],"[(2303, 2358, 6253, 6321)]"
550,17195,[2458 1262],"[(2458, 2512, 1217, 1291)]"
551,20737,[2447 4194],"[(2311, 2361, 4003, 4063)]"
552,13836,[2383 1038],"[(2314, 2369, 977, 1052)]"
554,1588,[2324 5304],"[(2300, 2350, 5282, 5325)]"
556,58573,[2561 3131],"[(2518, 2573, 3061, 3137)]"
557,20541,[2404 4031],"[(2371, 2425, 3956, 4030)]"
558,68792,[2701 4885],"[(2738, 2793, 4889, 4952)]"
559,2332,[2348 6020],"[(2321, 2376, 5991, 6043)]"
562,5872,[2385 3132],"[(2358, 2412, 3085, 3158)]"
564,1407,[2367 6310],"[(2347, 2391, 6293, 6324)]"
566,12805,[2391 6028],"[(2366, 2421, 5956, 6020)]"
567,11782,[2446 3382],"[(2424, 2479, 3301, 3377)]"
569,837,[2345 6111],"[(2324, 2367, 6091, 6130)]"
575,8114,[2526  773],"[(2505, 2560, 745, 819)]"
576,2424,[2361 4092],"[(2334, 2389, 4061, 4124)]"
579,37644,[2522 4044],"[(2501, 2556, 4124, 4199)]"
582,2581,[2373 4172],"[(2347, 2401, 4141, 4203)]"
584,2790,[2444 3546],"[(2456, 2502, 3517, 3577)]"
585,6682,[2467 4949],"[(2474, 2528, 4923, 4986)]"
587,32923,[2491 3265],"[(2499, 2553, 3247, 3321)]"
589,2314,[2395 5794],"[(2366, 2421, 5767, 5820)]"
591,36027,[2572 4683],"[(2556, 2611, 4625, 4701)]"
594,14528,[2517  625],"[(2471, 2526, 586, 649)]"
595,6854,[2416 4279],"[(2386, 2441, 4250, 4325)]"
596,16480,[2552 5218],"[(2517, 2572, 5193, 5256)]"
598,187639,[2818 6001],"[(2678, 2732, 6035, 6109)]"
601,9905,[2457 5326],"[(2414, 2468, 5286, 5349)]"
602,19445,[2563 2967],"[(2606, 2661, 2928, 3001)]"
606,10991,[2544 1843],"[(2576, 2630, 1855, 1930)]"
607,3266,[2485 5886],"[(2469, 2523, 5865, 5910)]"
608,12156,[2483 4062],"[(2446, 2501, 4045, 4108)]"
609,4409,[2461 4864],"[(2434, 2488, 4834, 4897)]"
611,7207,[2463 3193],"[(2435, 2490, 3155, 3230)]"
612,26613,[2612 3540],"[(2665, 2719, 3451, 3526)]"
613,5556,[2477 4767],"[(2425, 2479, 4719, 4796)]"
614,11490,[2528 1383],"[(2511, 2565, 1343, 1418)]"
615,7059,[2499 1849],"[(2456, 2510, 1799, 1876)]"
616,23473,[2862 5407],"[(2573, 2628, 5384, 5447)]"
620,4224,[2512 5404],"[(2485, 2540, 5374, 5435)]"
622,5067,[2543 6047],"[(2538, 2588, 6000, 6070)]"
625,15112,[2674 1904],"[(2659, 2714, 1866, 1941)]"
626,43777,[2656 5286],"[(2642, 2697, 5256, 5319)]"
627,5207,[2551 4387],"[(2526, 2581, 4354, 4419)]"
628,9291,[2684 2936],[]
629,40450,[2683 2189],"[(2599, 2654, 2208, 2284)]"
630,2013,[2551 5147],"[(2538, 2588, 5127, 5170)]"
632,6708,[2600 2358],"[(2621, 2670, 2299, 2370)]"
633,47032,[2825 2490],"[(2825, 2879, 2419, 2496)]"
634,3023,[2532 4222],"[(2505, 2560, 4189, 4261)]"
636,12637,[2629 1773],"[(2602, 2656, 1750, 1813)]"
637,5891,[2555 3641],"[(2532, 2587, 3604, 3680)]"
639,18101,[2634 3250],"[(2576, 2631, 3191, 3268)]"
640,3311,[2570 2986],"[(2546, 2600, 2943, 3019)]"
645,42326,[2766 4097],"[(2597, 2651, 4073, 4147)]"
648,7565,[2647 3335],"[(2640, 2688, 3333, 3402)]"
650,4619,[2609 3715],"[(2574, 2622, 3704, 3773)]"
651,24150,[2789 6248],"[(2807, 2862, 6235, 6309)]"
652,6863,[2623 1112],"[(2591, 2645, 1069, 1143)]"
653,444145,[3373 2904],"[(3035, 3090, 2883, 2959), (3454, 3508, 2780, 2856)]"
654,2596,[2616 3813],"[(2596, 2649, 3771, 3842)]"
655,2153,[2611 3877],"[(2588, 2636, 3844, 3911)]"
656,5156,[2611 4239],"[(2578, 2633, 4187, 4261)]"
658,36019,[2806 4662],"[(2782, 2837, 4620, 4697)]"
659,41907,[3004 4493],"[(2924, 2979, 4450, 4527)]"
660,8348,[2676 4001],"[(2701, 2750, 3934, 4003)]"
661,2216,[2622 3607],"[(2602, 2650, 3574, 3639)]"
663,2985,[2695 4448],"[(2741, 2773, 4467, 4517)]"
665,4467,[2665 5832],"[(2656, 2711, 5808, 5864)]"
666,1284,[2609 4277],"[(2589, 2633, 4246, 4310)]"
667,3257,[2641 5595],"[(2614, 2669, 5561, 5624)]"
670,2657,[2740 2810],[]
671,31358,[2777 3762],"[(2739, 2794, 3693, 3768)]"
673,34536,[2793 3120],"[(2854, 2909, 3206, 3283)]"
675,1984,[2640 3073],"[(2611, 2665, 3043, 3101)]"
678,14429,[2765 3863],"[(2701, 2755, 3831, 3906)]"
681,44939,[2777 3508],"[(2690, 2745, 3547, 3624)]"
682,3697,[2651 3977],"[(2625, 2679, 3944, 4009)]"
683,2185,[2655 5788],"[(2628, 2683, 5760, 5814)]"
687,3059,[2670 4401],"[(2641, 2696, 4368, 4431)]"
690,18783,[2724 1611],"[(2704, 2759, 1592, 1656)]"
691,31087,[2915 3546],"[(2969, 3024, 3465, 3541)]"
692,20254,[2934 3644],"[(2951, 3006, 3568, 3645)]"
693,15269,[2709 4179],"[(2678, 2733, 4146, 4221)]"
694,29070,[2807 1236],"[(2795, 2850, 1282, 1346)]"
695,3180,[2728 6305],"[(2720, 2774, 6281, 6324)]"
696,6528,[2750 5064],"[(2735, 2790, 5034, 5097)]"
697,33114,[3243 2638],"[(3474, 3529, 2419, 2494)]"
698,28330,[2762 4288],"[(2684, 2738, 4308, 4371)]"
699,2490,[2686 5073],"[(2659, 2713, 5045, 5105)]"
708,18073,[2837 4302],"[(2816, 2871, 4239, 4314)]"
710,795,[2775 4552],[]
712,1317,[2721 6171],"[(2694, 2745, 6145, 6199)]"
715,6839,[2762 3088],"[(2745, 2800, 3072, 3147)]"
717,23576,[2864 5262],"[(2844, 2899, 5200, 5263)]"
719,29869,[3088 5391],"[(3088, 3143, 5356, 5427)]"
722,10902,[2806 5873],"[(2759, 2813, 5839, 5913)]"
723,8205,[2857 3906],"[(2879, 2934, 3854, 3921)]"
726,1875,[2787  963],"[(2761, 2814, 942, 984)]"
727,18351,[2848 5511],"[(2826, 2881, 5455, 5529)]"
728,11754,[2784 4342],"[(2763, 2818, 4367, 4431)]"
730,5362,[2791 3844],"[(2765, 2819, 3807, 3883)]"
732,7097,[2817 6006],"[(2792, 2846, 5973, 6047)]"
737,13629,[2973 5124],"[(2978, 3030, 5091, 5163)]"
742,2208,[2809 1994],"[(2789, 2832, 1966, 2031)]"
743,32138,[2898 3304],"[(2868, 2923, 3279, 3351)]"
744,17167,[2905 4181],"[(2927, 2982, 4218, 4292)]"
745,5444,[2867 5126],"[(2837, 2888, 5101, 5154)]"
746,6397,[2825 5748],"[(2802, 2856, 5710, 5784)]"
747,8702,[2854 3140],"[(2823, 2878, 3092, 3166)]"
748,3314,[2832 5653],"[(2806, 2860, 5617, 5691)]"
750,5067,[2874 1562],"[(2841, 2896, 1529, 1592)]"
753,297,[2824 4509],"[(2809, 2846, 4496, 4522)]"
754,2181,[2837 2133],"[(2809, 2862, 2102, 2173)]"
757,57390,[2999 5947],"[(2942, 2996, 5892, 5967)]"
758,14934,[3092 5081],"[(3041, 3096, 5038, 5110)]"
759,2985,[2858 3708],"[(2828, 2883, 3678, 3742)]"
760,25422,[2952 4013],"[(2956, 3011, 4012, 4089)]"
761,2746,[2887 4478],"[(2877, 2922, 4433, 4498)]"
763,3535,[2881 1122],"[(2857, 2911, 1092, 1155)]"
764,3067,[2861 1903],"[(2832, 2886, 1870, 1940)]"
766,12607,[2983 4700],"[(3000, 3055, 4653, 4716)]"
768,1386,[2886 4538],"[(2867, 2912, 4522, 4556)]"
770,4234,[2937 4575],"[(2918, 2973, 4552, 4598)]"
771,80381,[3103 2343],"[(3014, 3068, 2330, 2406)]"
773,3873,[2908 3778],"[(2889, 2943, 3737, 3806)]"
774,31652,[3068 3246],"[(3057, 3106, 3206, 3277)]"
775,37486,[2948  480],"[(2936, 2990, 538, 612)]"
778,12059,[2958 3830],"[(2906, 2960, 3787, 3863)]"
785,4042,[2936 6220],"[(2910, 2965, 6183, 6257)]"
787,6126,[2978 6292],"[(2964, 3019, 6248, 6323)]"
789,4299,[2954 6074],"[(2935, 2990, 6043, 6119)]"
790,15920,[3006 4143],"[(2977, 3031, 4118, 4194)]"
791,30789,[3009  179],"[(3005, 3060, 119, 194)]"
792,5038,[3020 4232],"[(3009, 3061, 4206, 4279)]"
793,626560,[4617 4062],"[(3188, 3243, 4282, 4358), (3699, 3754, 4214, 4290), (4148, 4203, 3861, 3937), (5147, 5202, 4316, 4393), (5356, 5411, 3939, 4015)]"
794,18556,[3059 2106],"[(3077, 3132, 2117, 2181)]"
795,10115,[3007 1319],"[(2980, 3035, 1280, 1344)]"
796,7457,[2981 4403],"[(2947, 3001, 4362, 4438)]"
798,106245,[3131  771],"[(3045, 3100, 1063, 1137), (3153, 3208, 526, 601)]"
799,5227,[3015 3983],[]
801,3876,[2988 6023],"[(2964, 3019, 5986, 6057)]"
805,50205,[3168 3724],"[(3288, 3342, 3516, 3591)]"
806,414413,[3698 3035],"[(3369, 3424, 3143, 3219), (3569, 3624, 2419, 2495), (3771, 3826, 2574, 2651), (4249, 4304, 2971, 3048)]"
808,3810,[3007 3218],"[(2960, 3008, 3217, 3282)]"
809,29086,[3073  637],"[(3033, 3088, 550, 624)]"
810,7104,[3063 4448],"[(3060, 3114, 4384, 4457)]"
811,31283,[3104  420],"[(3137, 3191, 369, 445)]"
814,42904,[3163 1604],"[(3014, 3069, 1599, 1673)]"
815,2934,[3005 3722],"[(2991, 3039, 3714, 3781)]"
817,27171,[3256 4518],"[(3410, 3464, 4487, 4562)]"
818,9751,[3052 4925],"[(3033, 3088, 4917, 4991)]"
820,6045,[3037 5780],"[(3013, 3068, 5747, 5822)]"
825,46088,[3127  202],"[(3139, 3194, 79, 152)]"
826,9907,[3105 2596],"[(3060, 3115, 2568, 2645)]"
827,1899,[3052 3953],"[(3031, 3081, 3927, 3985)]"
828,2866,[3052 3906],"[(3031, 3085, 3878, 3932)]"
829,3267,[3036 5884],"[(3009, 3064, 5847, 5922)]"
831,27997,[3296 1422],"[(3117, 3172, 1368, 1444)]"
835,3411,[3053 3802],"[(3030, 3077, 3790, 3855)]"
836,1481,[3038 4380],"[(3015, 3062, 4348, 4414)]"
842,4503,[3075 4773],"[(3045, 3099, 4734, 4809)]"
846,4542,[3107 2001],"[(3045, 3100, 1968, 2031)]"
849,4742,[3080  455],"[(3054, 3108, 419, 491)]"
850,16615,[3164 3633],"[(3139, 3194, 3591, 3665)]"
851,4552,[3103 4807],"[(3071, 3126, 4796, 4865)]"
852,10405,[3190  101],"[(3198, 3246, 198, 265)]"
855,4698,[3106  299],"[(3069, 3124, 257, 329)]"
856,2263,[3084 1511],"[(3057, 3112, 1479, 1543)]"
857,7409,[3102 4105],"[(3087, 3140, 4077, 4150)]"
858,4362,[3112 4188],"[(3073, 3121, 4178, 4246)]"
863,16501,[3170 1023],"[(3124, 3179, 1109, 1183)]"
864,47819,[3157 5987],"[(3125, 3180, 6048, 6122)]"
865,24191,[3230 3739],"[(3192, 3247, 3659, 3733)]"
866,4813,[3134 5284],"[(3087, 3136, 5244, 5313)]"
868,24049,[3216 3908],"[(3169, 3224, 3870, 3946)]"
871,5008,[3156 3251],"[(3119, 3174, 3198, 3275)]"
872,17300,[3330 4580],"[(3359, 3413, 4547, 4620)]"
874,4215,[3165 4240],[]
875,27259,[3221 4886],"[(3261, 3316, 4670, 4744)]"
876,3148,[3181 3777],"[(3176, 3227, 3737, 3803)]"
877,2393,[3152 4012],"[(3126, 3178, 3979, 4049)]"
878,7857,[3163 4124],"[(3144, 3199, 4107, 4183)]"
879,1452,[3155 3805],"[(3131, 3176, 3779, 3828)]"
880,10947,[3243 2138],"[(3227, 3282, 2087, 2161)]"
881,6763,[3189 5295],"[(3129, 3183, 5243, 5306)]"
882,10111,[3272 2215],"[(3306, 3360, 2161, 2225)]"
883,16158,[3168 5822],"[(3145, 3200, 5914, 5977)]"
884,2036,[3164 1280],"[(3137, 3190, 1250, 1313)]"
885,8209,[3204 5163],"[(3180, 3234, 5122, 5196)]"
886,37070,[3216 5662],"[(3160, 3215, 5509, 5573)]"
887,119253,[3672 3517],"[(3672, 3726, 3499, 3575)]"
888,67777,[3319 5878],"[(3354, 3409, 5973, 6047)]"
889,2024,[3173  650],"[(3149, 3197, 617, 684)]"
891,10828,[3189 4926],"[(3190, 3245, 4996, 5059)]"
892,3255,[3177  734],"[(3151, 3206, 697, 771)]"
893,10845,[3222 1251],"[(3214, 3269, 1198, 1272)]"
894,6484,[3247 4476],"[(3208, 3263, 4438, 4513)]"
895,5914,[3258 5217],"[(3220, 3273, 5181, 5248)]"
897,24411,[3236  806],"[(3180, 3235, 867, 942)]"
901,8298,[3350 2216],"[(3373, 3427, 2159, 2234)]"
906,2053,[3187 1702],"[(3166, 3211, 1665, 1734)]"
907,19930,[3214 4787],"[(3188, 3243, 4694, 4757)]"
908,7851,[3236 1013],"[(3186, 3241, 961, 1025)]"
909,2589,[3205 4636],"[(3178, 3232, 4606, 4669)]"
913,5092,[3350 2264],"[(3428, 3475, 2228, 2293)]"
915,4257,[3259 5298],"[(3241, 3296, 5297, 5353)]"
916,4099,[3269 5477],"[(3255, 3301, 5456, 5521)]"
917,8810,[3254 1141],"[(3197, 3251, 1058, 1121)]"
918,6200,[3238 4052],"[(3219, 3269, 4010, 4078)]"
920,30252,[3366 4380],"[(3375, 3430, 4333, 4409)]"
921,6599,[3285 1324],"[(3285, 3340, 1292, 1355)]"
924,12030,[3365 3504],"[(3357, 3408, 3462, 3534)]"
925,76614,[3377 4016],"[(3303, 3358, 4092, 4169)]"
926,6682,[3283 1858],"[(3314, 3359, 1815, 1880)]"
928,11434,[3241 5936],"[(3215, 3270, 5916, 5991)]"
929,4716,[3234 6113],"[(3209, 3263, 6079, 6143)]"
930,4235,[3267 5271],"[(3242, 3296, 5242, 5311)]"
932,3710,[3286 3914],[]
935,2187,[3297 2712],"[(3282, 3321, 2681, 2740)]"
936,15521,[3538 5300],[]
937,28176,[3281 1641],"[(3253, 3307, 1675, 1738)]"
941,12561,[3264 1938],"[(3235, 3290, 1877, 1941)]"
942,4900,[3268 1340],"[(3233, 3287, 1302, 1365)]"
943,4006,[3279 5149],"[(3253, 3308, 5116, 5191)]"
944,3618,[3260 1155],"[(3234, 3288, 1123, 1187)]"
948,39781,[3589 5039],"[(3510, 3562, 5076, 5148)]"
949,3256,[3266 1513],"[(3242, 3296, 1482, 1545)]"
950,20922,[3328  931],"[(3309, 3364, 941, 1015)]"
951,2665805,[5408 3532],"[(3502, 3556, 2295, 2371), (3574, 3629, 3970, 4046), (3800, 3853, 3271, 3346), (3911, 3965, 3748, 3825), (4113, 4167, 2618, 2695), (4276, 4330, 3535, 3612), (4557, 4612, 2621, 2698), (4887, 4942, 3489, 3566), (5011, 5063, 3704, 3763), (5013, 5063, 3722, 3775), (5118, 5173, 2857, 2933), (5192, 5247, 3512, 3588), (5484, 5539, 4206, 4282), (5729, 5783, 3478, 3554), (5913, 5968, 3884, 3961), (6586, 6640, 3905, 3982), (6649, 6703, 3355, 3432), (6940, 6995, 3916, 3992), (7046, 7101, 3534, 3610)]"
953,23428,[3344 6152],"[(3258, 3313, 6240, 6303)]"
954,3084,[3274 4799],"[(3250, 3301, 4764, 4835)]"
956,3150,[3277 4934],"[(3248, 3300, 4914, 4986)]"
957,32989,[3403  591],"[(3468, 3523, 506, 569)]"
958,17450,[3407 3702],"[(3412, 3467, 3628, 3704)]"
959,13157,[3322 4782],"[(3280, 3334, 4615, 4679)]"
961,1850,[3282 1844],"[(3255, 3310, 1813, 1872)]"
963,13508,[3344 2008],"[(3281, 3333, 1913, 1985)]"
964,10485,[3322  590],"[(3303, 3357, 687, 746)]"
965,2160,[3306 1063],"[(3275, 3319, 1044, 1102)]"
966,11824,[3359 1138],"[(3373, 3427, 1086, 1149)]"
968,14799,[3323  576],"[(3292, 3347, 581, 644)]"
969,4175,[3285  233],"[(3268, 3302, 289, 349)]"
970,4409,[3367 5195],"[(3373, 3411, 5166, 5224)]"
971,2059,[3295 5971],"[(3269, 3321, 5942, 6004)]"
975,6585,[3367 1342],"[(3353, 3408, 1280, 1354)]"
977,7840,[3393 5127],"[(3405, 3460, 5109, 5173)]"
979,22062,[3325  241],"[(3302, 3357, 198, 261)]"
980,7302,[3374 1210],"[(3359, 3413, 1152, 1226)]"
981,13548,[3367 2076],"[(3367, 3422, 2003, 2067)]"
982,5548,[3321 5479],"[(3292, 3346, 5460, 5534)]"
984,4652,[3362 4222],"[(3372, 3427, 4182, 4252)]"
985,4460,[3331 5310],"[(3302, 3356, 5291, 5354)]"
987,12727,[3429 4477],"[(3461, 3516, 4445, 4520)]"
988,2468,[3319 5609],"[(3294, 3347, 5579, 5641)]"
989,10661,[3381 1524],"[(3346, 3401, 1478, 1553)]"
990,11171,[3384 5516],"[(3364, 3419, 5487, 5550)]"
991,2990,[3339 1106],"[(3312, 3366, 1075, 1137)]"
992,5954,[3430 1268],"[(3321, 3375, 1241, 1301)]"
995,10333,[3394  108],"[(3371, 3426, 92, 166)]"
997,4240,[3345 6196],"[(3331, 3386, 6142, 6216)]"
998,18653,[3474 1571],"[(3567, 3622, 1485, 1546)]"
1000,24343,[3829 1830],"[(3337, 3389, 1764, 1836), (4218, 4273, 1796, 1870)]"
1001,5186,[3359 3346],"[(3340, 3394, 3299, 3375)]"
1002,5027,[3387 5110],"[(3368, 3423, 5080, 5140)]"
1004,6418,[3374 5298],"[(3331, 3386, 5232, 5296)]"
1005,1964,[3356 5150],"[(3328, 3382, 5117, 5176)]"
1006,2594,[3355 5453],"[(3329, 3383, 5424, 5487)]"
1007,7921,[3433 5971],"[(3437, 3484, 5967, 6034)]"
1008,6097,[3356 6257],"[(3333, 3387, 6206, 6280)]"
1009,10343,[3355 5723],"[(3323, 3375, 5751, 5824)]"
1010,10405,[3452 1974],"[(3430, 3485, 1883, 1957)]"
1012,37429,[3427 4759],"[(3390, 3445, 4672, 4730)]"
1013,10744,[3382 1898],"[(3355, 3409, 1871, 1935)]"
1014,11688,[3452 2096],"[(3424, 3479, 1939, 2011)]"
1015,5472,[3361 4807],"[(3338, 3392, 4765, 4829)]"
1016,20429,[3436 4970],"[(3391, 3445, 4953, 5016)]"
1017,3603,[3375 2097],"[(3348, 3402, 2066, 2130)]"
1018,9225,[3410 3868],"[(3361, 3414, 3869, 3939)]"
1020,5047,[3382  249],"[(3372, 3427, 164, 237)]"
1021,1518,[3379 1371],"[(3359, 3399, 1333, 1388)]"
1022,14481,[3443 5274],"[(3398, 3453, 5216, 5280)]"
1023,13917,[3405  312],"[(3382, 3437, 262, 337)]"
1024,13572,[3396  846],"[(3379, 3434, 778, 852)]"
1025,9414,[3394 1699],"[(3358, 3412, 1702, 1765)]"
1027,1861,[3386   37],"[(3359, 3413, 15, 65)]"
1030,8321,[3561 5391],"[(3504, 3557, 5370, 5417)]"
1031,5709,[3409  624],"[(3386, 3441, 582, 657)]"
1032,3335,[3405 4039],"[(3366, 3419, 4019, 4088)]"
1033,18256,[3434 5613],"[(3400, 3455, 5575, 5639)]"
1035,2227,[3399 1038],"[(3371, 3426, 1003, 1070)]"
1037,1361,[3391 6263],[]
1038,5662,[3457  878],"[(3386, 3441, 850, 915)]"
1039,17544,[3646 4786],"[(3514, 3556, 4804, 4866)]"
1040,4982,[3470 6194],"[(3401, 3445, 6112, 6166)]"
1044,1744,[3403 3605],[]
1045,12380,[3438 6245],"[(3395, 3450, 6160, 6223)]"
1046,10441,[3559 1279],"[(3580, 3634, 1253, 1308)]"
1047,63480,[3556 3877],"[(3573, 3628, 3849, 3926)]"
1050,4472,[3446  333],"[(3423, 3478, 296, 371)]"
1053,8060,[3438 3563],"[(3412, 3467, 3513, 3588)]"
1055,4431,[3421  462],"[(3394, 3448, 423, 498)]"
1056,5487,[3439  954],"[(3396, 3446, 906, 975)]"
1059,2273,[3427 4150],"[(3402, 3455, 4117, 4185)]"
1060,5790,[3504 3487],"[(3470, 3519, 3448, 3517)]"
1061,10127,[3486 5521],"[(3462, 3517, 5457, 5532)]"
1062,54761,[3706  796],"[(3768, 3822, 841, 915)]"
1063,28690,[3524  348],"[(3531, 3586, 402, 476)]"
1065,3326,[3442 5718],"[(3417, 3471, 5685, 5748)]"
1066,24552,[3949 5392],"[(3779, 3833, 5346, 5421), (4341, 4396, 5342, 5414)]"
1069,1806,[3481 1350],[]
1070,6199,[3449 1353],"[(3425, 3480, 1323, 1381)]"
1071,5152,[3507 1365],"[(3495, 3543, 1298, 1356)]"
1073,827,[3433   31],"[(3410, 3457, 15, 53)]"
1076,12064,[3657 5144],"[(3690, 3743, 5111, 5179)]"
1078,28853,[3629 1610],"[(3657, 3711, 1560, 1635)]"
1080,3820,[3459 1206],"[(3434, 3488, 1171, 1235)]"
1081,4571,[3506 1207],"[(3491, 3544, 1155, 1222)]"
1083,8652,[3490  234],"[(3471, 3526, 148, 211)]"
1084,13386,[3564  579],"[(3481, 3536, 583, 646)]"
1085,6050,[3465 5812],"[(3433, 3488, 5768, 5843)]"
1087,11736,[3581 4666],"[(3562, 3616, 4592, 4656)]"
1088,29341,[3588  795],"[(3555, 3610, 720, 783)]"
1089,4949,[3456 1118],"[(3430, 3485, 1087, 1150)]"
1090,6199,[3486 1761],"[(3438, 3493, 1719, 1793)]"
1094,19544,[3567 4464],"[(3569, 3624, 4454, 4529)]"
1096,9118,[3522 5226],"[(3488, 3543, 5185, 5260)]"
1097,26403,[3574 1128],"[(3581, 3635, 1120, 1184)]"
1098,1768,[3487 5104],"[(3463, 3509, 5067, 5121)]"
1099,6334,[3477 1609],"[(3446, 3501, 1551, 1625)]"
1101,14616,[3522  956],"[(3449, 3504, 921, 985)]"
1103,11428,[3509   78],"[(3465, 3520, 27, 101)]"
1106,4948,[3497  392],"[(3471, 3526, 358, 421)]"
1107,2357,[3471 5919],"[(3448, 3502, 5882, 5953)]"
1109,20513,[3539 5931],"[(3500, 3555, 6040, 6114)]"
1110,8572,[3494 3757],"[(3462, 3517, 3744, 3821)]"
1113,8733,[3501 6201],"[(3477, 3532, 6167, 6242)]"
1115,8297,[3529 5869],"[(3506, 3561, 5843, 5915)]"
1119,2055,[3503 2200],"[(3475, 3529, 2170, 2228)]"
1120,980,[3541 6313],"[(3528, 3568, 6299, 6324)]"
1121,11899,[3519 1966],"[(3498, 3553, 1847, 1910)]"
1122,1906,[3523  677],"[(3507, 3555, 659, 700)]"
1124,14362,[3559 5607],"[(3562, 3617, 5542, 5617)]"
1125,5399,[3514 3610],"[(3480, 3535, 3555, 3632)]"
1126,6471,[3650 1787],"[(3486, 3541, 1765, 1839)]"
1128,11395,[3542 4721],"[(3523, 3577, 4650, 4725)]"
1129,14358,[3593 4131],"[(3546, 3600, 4119, 4195)]"
1130,2644,[3546 5344],"[(3512, 3556, 5311, 5361)]"
1134,8004,[3553 4920],"[(3529, 3584, 4873, 4947)]"
1136,54842,[3670 2133],"[(3624, 3679, 2107, 2171)]"
1137,15282,[3806 4486],"[(3798, 3853, 4453, 4517)]"
1138,1472,[3512 6000],"[(3488, 3535, 5969, 6034)]"
1140,14266,[3655 1023],"[(3678, 3733, 943, 1006)]"
1143,1520,[3518 5749],"[(3496, 3542, 5722, 5784)]"
1145,1603,[3528 5035],"[(3506, 3550, 5002, 5066)]"
1146,15273,[3596  966],"[(3527, 3582, 961, 1024)]"
1148,2260,[3534 3168],"[(3507, 3561, 3141, 3199)]"
1149,11379,[3560 1648],"[(3547, 3602, 1586, 1649)]"
1150,44479,[3704 2001],"[(3553, 3608, 1937, 1995)]"
1152,4541,[3532 5626],"[(3508, 3562, 5621, 5683)]"
1155,22210,[3828 2191],"[(3702, 3757, 2224, 2298)]"
1156,23286,[3673 4378],"[(3699, 3753, 4337, 4414)]"
1157,55295,[3761 4608],"[(3667, 3722, 4640, 4698)]"
1158,28722,[3727  636],"[(3601, 3655, 586, 649)]"
1159,21961,[3762 1740],"[(3737, 3792, 1697, 1761)]"
1161,1038,[3555 4385],"[(3537, 3575, 4358, 4416)]"
1162,22451,[3709 5477],"[(3575, 3629, 5441, 5516)]"
1165,21584,[3640 6225],"[(3631, 3686, 6223, 6286)]"
1166,7119,[3633 1407],"[(3642, 3697, 1385, 1449)]"
1167,4957,[3595 5663],"[(3536, 3587, 5660, 5724)]"
1169,2083,[3554 6144],"[(3529, 3579, 6111, 6180)]"
1175,55234,[3729   93],"[(3697, 3752, 52, 126)]"
1178,2043,[3581  879],"[(3564, 3613, 857, 903)]"
1179,4206,[3609 1458],"[(3597, 3651, 1431, 1490)]"
1180,15078,[3662  222],"[(3606, 3661, 205, 279)]"
1181,39460,[3862 1815],"[(3967, 4022, 1782, 1859)]"
1182,3621,[3617 2280],"[(3600, 3655, 2250, 2316)]"
1184,4218,[3574 3715],"[(3539, 3592, 3690, 3763)]"
1185,1876,[3570 5295],"[(3544, 3598, 5274, 5318)]"
1187,7561,[3590 1353],"[(3556, 3610, 1312, 1375)]"
1188,18132,[3788 5054],"[(3748, 3803, 5028, 5092)]"
1189,39005,[3660 5823],"[(3635, 3689, 5825, 5899)]"
1192,49957,[3712 4891],"[(3684, 3738, 4887, 4951)]"
1193,252075,[4572 1318],"[(4077, 4132, 956, 1030), (4304, 4359, 919, 994), (4754, 4809, 1581, 1655), (5024, 5079, 1463, 1537)]"
1197,13016,[3655 1670],"[(3618, 3673, 1635, 1699)]"
1198,4141,[3602 4930],"[(3591, 3636, 4848, 4907)]"
1199,5804,[3637  303],"[(3638, 3692, 271, 343)]"
1201,4380,[3598 6201],"[(3570, 3624, 6174, 6238)]"
1202,70191,[3878  265],"[(3754, 3809, 270, 344)]"
1203,2552,[3604  484],"[(3577, 3631, 452, 520)]"
1204,48659,[3817 5273],"[(3760, 3815, 5192, 5256)]"
1206,46667,[3926 5960],"[(3931, 3986, 5878, 5941)]"
1209,4200,[3626 3207],"[(3595, 3650, 3168, 3245)]"
1210,7720,[3679 4453],"[(3663, 3718, 4421, 4498)]"
1216,5900,[3648 5665],"[(3614, 3668, 5633, 5696)]"
1217,1885,[3632 5719],"[(3606, 3655, 5697, 5741)]"
1220,1793,[3617 4134],"[(3590, 3643, 4104, 4167)]"
1223,5739,[3765 1293],"[(3736, 3790, 1259, 1322)]"
1224,9685,[3702 1384],"[(3674, 3728, 1334, 1397)]"
1225,64526,[4297 1323],"[(4209, 4264, 1300, 1374)]"
1226,3178,[3652 6302],"[(3610, 3665, 6273, 6324)]"
1227,15248,[3810 5434],"[(3782, 3837, 5409, 5472)]"
1228,7965,[3658 5981],"[(3631, 3686, 5950, 6013)]"
1229,4787,[3666 5079],"[(3640, 3695, 5051, 5109)]"
1232,48241,[4020 1393],"[(3810, 3865, 1330, 1405)]"
1235,5670,[3667 5219],"[(3633, 3688, 5193, 5250)]"
1236,3722,[3660 5526],"[(3633, 3688, 5493, 5557)]"
1237,3746,[3661 5777],"[(3633, 3688, 5744, 5808)]"
1241,54238,[4129 1488],"[(4103, 4157, 1467, 1542)]"
1242,12658,[3703 3753],"[(3677, 3732, 3741, 3817)]"
1243,4025,[3676 1215],"[(3645, 3700, 1182, 1246)]"
1244,45275,[4026  705],"[(4142, 4197, 693, 761)]"
1246,26649,[3908 1553],"[(3923, 3978, 1529, 1604)]"
1249,21358,[3782 1901],"[(3719, 3773, 1876, 1940)]"
1250,14649,[3816 5315],"[(3702, 3757, 5267, 5330)]"
1254,6254,[3706 6087],"[(3693, 3748, 6020, 6095)]"
1255,23460,[3864 6252],"[(3702, 3757, 6180, 6244)]"
1258,54952,[3921  386],"[(3985, 4039, 382, 445)]"
1259,2325,[3764 5159],"[(3758, 3794, 5134, 5181)]"
1265,4977,[3717 6136],"[(3696, 3744, 6101, 6169)]"
1266,4827,[3741 3259],"[(3759, 3806, 3258, 3326)]"
1267,3138,[3703 5461],"[(3676, 3730, 5433, 5492)]"
1268,5505,[3745 5553],"[(3711, 3766, 5508, 5572)]"
1269,12841,[3763  995],"[(3686, 3741, 1008, 1071)]"
1271,2995,[3705 5632],"[(3678, 3732, 5604, 5667)]"
1272,199074,[4510  423],"[(4106, 4161, 386, 460), (4818, 4873, 518, 593)]"
1273,15511,[3831 2263],"[(3799, 3854, 2220, 2294)]"
1274,2944,[3840 5078],"[(3876, 3913, 5040, 5094)]"
1275,11337,[3853  209],"[(3731, 3786, 202, 260)]"
1276,24609,[3936 1959],"[(3967, 4022, 2018, 2081)]"
1277,20777,[3832 1148],"[(3829, 3884, 1125, 1199)]"
1278,60354,[4269 2382],"[(4012, 4066, 2368, 2444), (4309, 4363, 2314, 2390)]"
1279,14628,[3878 1431],"[(3860, 3915, 1398, 1461)]"
1282,6757,[3756 5751],"[(3729, 3784, 5723, 5787)]"
1284,4802,[3753 3212],"[(3719, 3772, 3162, 3232)]"
1286,5718,[3812  469],"[(3801, 3846, 434, 495)]"
1287,8500,[3868 1659],"[(3885, 3940, 1617, 1691)]"
1288,4806,[3763 5892],"[(3737, 3792, 5857, 5920)]"
1293,10088,[3816 5943],"[(3762, 3817, 5922, 5997)]"
1295,2436,[3766 5810],"[(3746, 3797, 5782, 5836)]"
1296,14045,[3859 4570],"[(3743, 3797, 4570, 4634)]"
1297,20710,[3848 5778],"[(3840, 3895, 5675, 5739)]"
1299,36421,[4048 2316],"[(4049, 4104, 2293, 2370)]"
1300,2892,[3757 3643],"[(3733, 3785, 3606, 3679)]"
1303,29805,[4169 4288],"[(4250, 4305, 4233, 4307)]"
1304,10295,[3823 5634],"[(3794, 3848, 5592, 5667)]"
1307,17344,[3865 6124],"[(3795, 3850, 6079, 6143)]"
1308,8501,[3845 1050],"[(3839, 3893, 1006, 1069)]"
1314,14449,[3876 6198],"[(3830, 3884, 6188, 6251)]"
1315,8807,[3846 5529],"[(3805, 3859, 5497, 5571)]"
1318,19970,[3961 4710],"[(3832, 3887, 4703, 4766)]"
1319,17801,[3942 2206],"[(3897, 3951, 2142, 2215)]"
1322,4506,[3834 1606],"[(3801, 3855, 1578, 1641)]"
1325,44677,[4009 4832],"[(4008, 4063, 4884, 4948)]"
1326,2958,[3835 1659],"[(3813, 3867, 1631, 1690)]"
1327,16979,[4025 2003],"[(4045, 4100, 1989, 2052)]"
1330,10466,[3947 6036],"[(3927, 3981, 6001, 6064)]"
1331,30299,[4038 1136],"[(4019, 4074, 1116, 1185)]"
1332,12945,[3864 4359],"[(3836, 3890, 4322, 4379)]"
1335,6976,[3974 6303],"[(3933, 3988, 6269, 6324)]"
1337,19477,[3979  913],"[(4036, 4091, 855, 919)]"
1338,335846,[4992 5361],"[(4212, 4266, 5510, 5584), (4748, 4802, 5275, 5350), (5299, 5354, 5270, 5344), (5883, 5938, 5138, 5212)]"
1344,6176,[3896 5812],"[(3874, 3929, 5781, 5844)]"
1346,3901,[3962 4986],"[(3978, 4031, 4962, 5007)]"
1347,30894,[4175  872],"[(4201, 4255, 859, 927)]"
1348,6543,[3891 3447],"[(3876, 3931, 3471, 3536)]"
1349,7383,[3930 4849],"[(3888, 3942, 4816, 4890)]"
1350,16439,[4015 1276],"[(4008, 4063, 1242, 1306)]"
1352,17561,[3960 5205],"[(3931, 3985, 5122, 5196)]"
1355,16118,[4035 1644],"[(3978, 4033, 1626, 1689)]"
1358,2861,[3880 3381],"[(3855, 3907, 3345, 3417)]"
1359,3590,[3976 5527],"[(3932, 3979, 5498, 5564)]"
1360,16160,[4008  336],"[(3952, 4007, 306, 380)]"
1361,1950,[3883 4910],"[(3865, 3907, 4879, 4932)]"
1362,41917,[4077 4191],"[(3990, 4045, 4160, 4236)]"
1363,3873,[3929 5966],"[(3914, 3968, 5929, 5993)]"
1364,12794,[3996  770],"[(3920, 3975, 733, 808)]"
1365,12848,[4081 1958],"[(4169, 4223, 1925, 1987)]"
1366,8361,[4056 4631],"[(4028, 4075, 4599, 4666)]"
1368,4337,[3936 5647],"[(3874, 3928, 5614, 5677)]"
1370,78583,[4145  590],"[(4025, 4079, 520, 595)]"
1371,9674,[3938 3340],"[(3913, 3967, 3315, 3392)]"
1372,8766,[3978 4341],"[(3957, 4012, 4314, 4378)]"
1373,13758,[4094 5097],"[(4067, 4122, 5064, 5138)]"
1376,26444,[4047 4533],"[(4030, 4085, 4494, 4558)]"
1377,5909,[4013 4417],"[(3906, 3955, 4387, 4444)]"
1379,14579,[4028 5620],"[(4072, 4124, 5562, 5634)]"
1380,34334,[4284 1569],"[(4250, 4305, 1550, 1625)]"
1381,46582,[4263 5171],"[(4300, 4355, 5109, 5183)]"
1382,5466,[3976 5078],"[(3948, 4002, 5048, 5109)]"
1383,19933,[4116 4809],"[(3970, 4025, 4761, 4835)]"
1385,1982,[3942 4914],"[(3916, 3965, 4885, 4946)]"
1386,3325,[3965  918],"[(3929, 3983, 895, 946)]"
1387,23660,[4189 1903],"[(4227, 4282, 1862, 1926)]"
1388,47969,[4643 4215],"[(4396, 4447, 4187, 4259), (4597, 4652, 4152, 4228)]"
1390,9308,[4003 6178],"[(3993, 4048, 6142, 6216)]"
1391,16231,[4086 4356],"[(4064, 4118, 4321, 4384)]"
1392,4562,[3974 5490],"[(3952, 4007, 5457, 5520)]"
1393,6303,[4004   63],"[(3931, 3985, 53, 116)]"
1394,3144,[3965  219],"[(3940, 3994, 183, 252)]"
1396,32311,[4226 6200],"[(4081, 4136, 6151, 6226)]"
1397,12243,[4065  108],"[(4003, 4057, 69, 143)]"
1399,13133,[4165 4907],"[(4193, 4247, 4839, 4910)]"
1401,5978,[4000 3565],"[(3987, 4039, 3515, 3588)]"
1403,24044,[4157 1730],"[(4090, 4145, 1709, 1773)]"
1404,20004,[4161 2067],"[(4212, 4266, 1985, 2058)]"
1406,8040,[4102 6112],"[(4089, 4144, 6073, 6137)]"
1409,27783,[4172 3075],"[(4248, 4303, 3085, 3161)]"
1413,2104,[4014 5620],"[(3986, 4037, 5596, 5643)]"
1414,11014,[4066 5450],"[(4054, 4108, 5409, 5483)]"
1415,11777,[4047 6002],"[(3988, 4043, 6008, 6082)]"
1416,6870,[4072 5887],"[(3983, 4037, 5844, 5907)]"
1417,1735,[4028 5580],"[(4006, 4060, 5558, 5602)]"
1418,1607,[4014 5791],"[(3990, 4041, 5762, 5816)]"
1420,745,[4013   30],"[(3993, 4038, 15, 55)]"
1424,22998,[4253 5013],"[(4276, 4330, 4972, 5040)]"
1425,3450,[4056 1696],"[(4012, 4064, 1668, 1731)]"
1426,25560,[4236 4749],"[(4165, 4220, 4700, 4774)]"
1427,9777,[4129 5000],"[(4121, 4175, 4960, 5035)]"
1431,16908,[4350 6091],"[(4419, 4473, 6078, 6152)]"
1432,1241682,[5342 2380],"[(4146, 4201, 2177, 2253), (4523, 4578, 1884, 1960), (4732, 4787, 2376, 2452), (4793, 4848, 1841, 1918), (5164, 5219, 2739, 2816), (5188, 5239, 3338, 3397), (5264, 5310, 1793, 1860), (5280, 5335, 2168, 2245), (5558, 5613, 3070, 3146), (5804, 5859, 3356, 3432), (5895, 5950, 3163, 3240), (5984, 6039, 1580, 1657), (6194, 6249, 3675, 3752)]"
1433,5559,[4067 1621],"[(4041, 4096, 1591, 1655)]"
1436,11243,[4193 1044],"[(4062, 4117, 1031, 1097)]"
1440,25846,[4252 4443],"[(4276, 4331, 4368, 4437)]"
1442,2787,[4105 4850],"[(4081, 4134, 4824, 4868)]"
1443,10761,[4260 4941],"[(4324, 4379, 4892, 4958)]"
1444,15823,[4203 5119],"[(4159, 4214, 5087, 5161)]"
1445,9619,[4133 5883],"[(4100, 4154, 5855, 5913)]"
1447,29933,[4349  839],"[(4255, 4310, 765, 828)]"
1448,3415,[4096 6039],"[(4071, 4125, 6009, 6071)]"
1450,14118,[4205 5328],"[(4236, 4291, 5300, 5374)]"
1451,35707,[4293   73],"[(4248, 4303, 26, 94)]"
1452,28289,[4234 5784],"[(4123, 4177, 5737, 5800)]"
1453,5592,[4123 5238],"[(4117, 4172, 5188, 5251)]"
1456,341,[4086 4252],[]
1457,12269,[4264 6298],"[(4122, 4177, 6251, 6320)]"
1459,1664,[4083 5676],"[(4059, 4105, 5644, 5708)]"
1464,35216,[4385 4035],"[(4469, 4524, 3978, 4054)]"
1466,78021,[4530  207],"[(4345, 4399, 273, 342), (4903, 4958, 31, 100)]"
1467,4390,[4159 4541],"[(4137, 4186, 4489, 4558)]"
1472,5369,[4171 5425],"[(4158, 4213, 5393, 5467)]"
1476,51413,[4444 5621],"[(4559, 4613, 5542, 5610)]"
1477,5370,[4185 5503],"[(4141, 4196, 5479, 5542)]"
1478,10836,[4255 6260],"[(4245, 4299, 6225, 6300)]"
1480,249003,[4923  980],"[(4459, 4514, 1166, 1229), (5262, 5316, 799, 862)]"
1481,23130,[4487 4160],"[(4602, 4657, 4085, 4162)]"
1482,2868,[4181 4463],"[(4149, 4197, 4437, 4487)]"
1485,13741,[4302 5694],"[(4232, 4287, 5710, 5773)]"
1486,17940,[4358 4640],"[(4429, 4484, 4587, 4661)]"
1487,39187,[4454  117],"[(4465, 4519, 86, 149)]"
1488,4917,[4175 5330],"[(4148, 4202, 5295, 5368)]"
1490,26929,[4342 6041],"[(4352, 4407, 6021, 6085)]"
1491,5652,[4203 4409],"[(4171, 4226, 4378, 4441)]"
1492,2149,[4183 6181],"[(4157, 4211, 6152, 6207)]"
1493,136726,[4510 3174],"[(4475, 4530, 3227, 3304)]"
1494,9504,[4383 1000],"[(4466, 4517, 946, 1011)]"
1495,2304,[4190 4827],"[(4163, 4218, 4799, 4855)]"
1497,29586,[4393 5943],"[(4315, 4370, 5931, 5994)]"
1498,7584,[4254 1685],"[(4199, 4250, 1677, 1743)]"
1500,37601,[4507 4296],"[(4442, 4497, 4263, 4338)]"
1503,16657,[4491 6179],"[(4292, 4341, 6093, 6160)]"
1504,2777,[4262 4099],"[(4239, 4290, 4069, 4122)]"
1506,14338,[4317 1718],"[(4266, 4321, 1753, 1817)]"
1507,7732,[4288 5236],"[(4274, 4327, 5189, 5238)]"
1508,104166,[4604 4552],"[(4739, 4793, 4522, 4597)]"
1509,505843,[5490 2267],"[(4579, 4634, 2051, 2127), (5260, 5315, 1966, 2042), (5665, 5719, 2199, 2275), (5891, 5946, 2474, 2550)]"
1510,12447,[4326 1118],"[(4308, 4362, 1074, 1149)]"
1511,4110,[4287 6177],"[(4267, 4322, 6144, 6208)]"
1513,6548,[4322 4626],"[(4274, 4329, 4598, 4660)]"
1515,5423,[4295 3888],"[(4275, 4329, 3848, 3924)]"
1516,6759,[4369 3967],"[(4367, 4419, 3893, 3966)]"
1519,5316,[4340 4873],"[(4269, 4323, 4849, 4902)]"
1520,7615,[4338  493],"[(4273, 4328, 453, 522)]"
1521,14686,[4442 4818],"[(4474, 4528, 4773, 4847)]"
1522,22522,[4391 3113],"[(4390, 4443, 2902, 2976)]"
1524,14657,[4478  732],"[(4528, 4582, 710, 773)]"
1525,8996,[4373 5886],"[(4318, 4373, 5857, 5923)]"
1527,35790,[4880 1725],"[(4769, 4824, 1689, 1764), (5430, 5467, 1549, 1606)]"
1528,7716,[4378 5797],"[(4378, 4433, 5791, 5848)]"
1529,10255,[4405 1824],"[(4338, 4392, 1761, 1834)]"
1530,1783,[4313 5819],"[(4286, 4337, 5801, 5838)]"
1531,6945,[4366 4452],"[(4372, 4427, 4412, 4474)]"
1532,28198,[4557  840],"[(4580, 4635, 837, 911)]"
1537,8667,[4383 5776],"[(4369, 4423, 5746, 5810)]"
1538,22209,[4685 4334],"[(4787, 4842, 4285, 4360)]"
1541,8667,[4383 5487],"[(4329, 4384, 5481, 5555)]"
1543,4137,[4392 6227],"[(4401, 4450, 6201, 6265)]"
1544,7122,[4384 4755],"[(4355, 4410, 4722, 4785)]"
1545,2669,[4345 2969],"[(4320, 4371, 2931, 3004)]"
1547,3971,[4432 4886],"[(4425, 4475, 4848, 4914)]"
1549,8597,[4432 1665],"[(4338, 4386, 1669, 1731)]"
1552,65193,[4734 3878],"[(4799, 4854, 3844, 3921)]"
1553,1508,[4367 5213],"[(4341, 4394, 5191, 5237)]"
1554,8208,[4462  631],"[(4371, 4424, 595, 661)]"
1555,7398,[4451 5003],"[(4494, 4545, 4908, 4975)]"
1557,68990,[4861 6214],"[(4660, 4715, 6141, 6216), (4854, 4909, 6207, 6282)]"
1558,47105,[4599 4927],"[(4601, 4656, 4933, 4996)]"
1561,20579,[4571 5470],"[(4433, 4487, 5436, 5499)]"
1563,6418,[4457 1033],"[(4435, 4490, 1000, 1074)]"
1564,47875,[4689  417],"[(4831, 4885, 363, 431)]"
1565,9227,[4504 1705],"[(4544, 4599, 1657, 1720)]"
1566,57044,[4736 6014],"[(4960, 5014, 6068, 6132)]"
1567,114503,[5115  380],"[(4644, 4699, 283, 347), (5175, 5230, 355, 419)]"
1568,7282,[4425 1640],"[(4402, 4457, 1612, 1675)]"
1571,33236,[4860 4436],"[(4694, 4748, 4369, 4442), (5426, 5481, 4495, 4568)]"
1572,42228,[4826 5112],"[(4705, 4760, 5085, 5149), (5204, 5259, 5085, 5149)]"
1573,36747,[4853 6284],"[(5015, 5070, 6233, 6308)]"
1575,12673,[4538 5521],"[(4497, 4551, 5479, 5546)]"
1576,28724,[4835 1792],"[(4666, 4721, 1748, 1824)]"
1577,1381,[4411 5042],"[(4389, 4433, 5010, 5074)]"
1582,19107,[4780 1697],"[(4902, 4957, 1604, 1678)]"
1583,7714,[4472 5182],"[(4417, 4471, 5160, 5223)]"
1585,8931,[4540 5982],"[(4554, 4609, 5951, 6012)]"
1588,3393,[4479 5613],"[(4462, 4512, 5589, 5658)]"
1589,3802,[4481  567],"[(4440, 4494, 544, 592)]"
1590,7417,[4521 1031],"[(4537, 4591, 966, 1040)]"
1594,5152,[4511 5215],"[(4513, 4564, 5176, 5237)]"
1595,9663,[4643 1686],"[(4659, 4714, 1637, 1700)]"
1596,35732,[4732  655],"[(4708, 4763, 620, 684)]"
1597,28889,[4616 1579],"[(4529, 4583, 1557, 1631)]"
1599,11461,[4573 5098],"[(4581, 4635, 5064, 5129)]"
1602,15190,[4614 3329],"[(4651, 4702, 3197, 3269)]"
1603,11848,[4518 3900],"[(4478, 4532, 3865, 3941)]"
1604,9465,[4476 3055],"[(4449, 4504, 2989, 3066)]"
1608,27294,[4618 5688],"[(4659, 4714, 5570, 5644)]"
1609,16130,[4719 5369],"[(4483, 4538, 5331, 5397)]"
1611,5678,[4541 1429],"[(4487, 4542, 1413, 1477)]"
1612,12728,[4592 4724],"[(4578, 4633, 4683, 4758)]"
1615,13774,[4583 4534],"[(4616, 4671, 4490, 4564)]"
1616,1875,[4524 6100],"[(4491, 4541, 6064, 6123)]"
1617,76258,[4799 1108],"[(4733, 4787, 1116, 1190)]"
1618,19744,[4688 1460],"[(4505, 4559, 1463, 1532)]"
1619,12847,[4611 2284],"[(4584, 4639, 2234, 2311)]"
1620,7615,[4613 4654],"[(4615, 4670, 4602, 4673)]"
1622,3930,[4550 5006],"[(4520, 4574, 4974, 5037)]"
1624,4683,[4616   31],"[(4576, 4630, 15, 54)]"
1627,8311,[4607 1139],"[(4575, 4629, 1073, 1143)]"
1628,9477,[4653  213],"[(4661, 4716, 175, 238)]"
1629,45538,[4922 6113],"[(5114, 5169, 6050, 6124)]"
1630,3156,[4581 5793],"[(4541, 4593, 5771, 5818)]"
1631,143360,[4867 3125],"[(4844, 4899, 3220, 3296)]"
1632,2174,[4570 4554],"[(4544, 4599, 4531, 4578)]"
1633,13282,[4843 4897],"[(4941, 4996, 4862, 4931)]"
1634,19377,[4739 5646],"[(4575, 4630, 5635, 5698)]"
1636,49387,[4920 5227],"[(4814, 4868, 5181, 5249)]"
1637,35565,[4792 4849],"[(4623, 4677, 4808, 4882)]"
1640,54859,[5009 5443],"[(5064, 5119, 5418, 5492)]"
1642,28468,[4819  996],"[(4624, 4678, 964, 1027)]"
1644,46190,[4948 5762],"[(4717, 4772, 5745, 5809)]"
1648,4541,[4637 2877],"[(4609, 4659, 2832, 2903)]"
1651,19296,[4837  915],"[(4866, 4921, 866, 940)]"
1655,1998,[4657  932],"[(4633, 4685, 910, 956)]"
1658,6618,[4749 4280],"[(4741, 4795, 4245, 4316)]"
1659,96376,[5074 5020],"[(4942, 4997, 5041, 5116), (5409, 5464, 5067, 5141)]"
1660,26142,[4920 4745],"[(4915, 4969, 4684, 4753)]"
1663,6843,[4738 5690],"[(4726, 4781, 5661, 5724)]"
1664,24766,[4968 1214],"[(4914, 4969, 1180, 1254)]"
1665,9907,[4788 5837],"[(4709, 4764, 5808, 5880)]"
1667,17142,[4751 2991],"[(4766, 4821, 2940, 3016)]"
1668,5852,[4733 3972],"[(4725, 4776, 3954, 4025)]"
1669,20802,[4799 5954],"[(4721, 4776, 5882, 5945)]"
1672,3915,[4743 3643],"[(4713, 4768, 3619, 3668)]"
1673,11380,[4761 3191],"[(4711, 4766, 3205, 3281)]"
1676,14311,[4907 1053],"[(4921, 4976, 1071, 1136)]"
1677,45545,[5010 1415],"[(4955, 5010, 1389, 1463)]"
1678,6436,[4773 4680],"[(4742, 4796, 4652, 4715)]"
1679,2978,[4774 5535],"[(4759, 4808, 5506, 5566)]"
1681,5835,[4828  834],"[(4824, 4870, 792, 857)]"
1682,20236,[4982 5952],"[(5037, 5092, 5904, 5978)]"
1683,5150,[4761 3100],"[(4731, 4777, 3093, 3158)]"
1685,2256,[4763 6212],"[(4735, 4790, 6188, 6236)]"
1689,7517,[4820   60],"[(4789, 4843, 29, 103)]"
1690,8519,[4833 5582],"[(4842, 4896, 5545, 5606)]"
1691,12045,[4889 5723],"[(4872, 4926, 5698, 5761)]"
1697,9392,[4843 6077],[]
1699,15300,[4919  838],"[(4944, 4999, 798, 861)]"
1701,13687,[4903 4676],"[(4851, 4906, 4634, 4709)]"
1703,18586,[4912 5874],"[(4818, 4872, 5860, 5923)]"
1704,20554,[4946 2179],"[(4954, 5008, 2130, 2207)]"
1705,18946,[4956 4185],"[(4969, 5024, 4100, 4172)]"
1711,19130,[5178 4191],"[(5251, 5306, 4093, 4170)]"
1712,20241,[5059 4598],"[(5228, 5283, 4626, 4690)]"
1719,54694,[5327 4540],"[(4970, 5008, 4536, 4588), (5077, 5131, 4474, 4549), (5532, 5587, 4505, 4580)]"
1720,60972,[5182 5666],"[(5081, 5136, 5634, 5708)]"
1722,65893,[5423 4936],"[(5099, 5153, 4878, 4942), (5508, 5563, 4841, 4904)]"
1724,2542,[4878 4524],"[(4851, 4906, 4494, 4553)]"
1726,30193,[5163 5980],"[(5172, 5227, 5904, 5972)]"
1727,16189,[5179 4457],"[(5181, 5235, 4449, 4520)]"
1728,32368,[5120  241],"[(5174, 5228, 233, 296)]"
1729,6142,[5004 5997],"[(4905, 4959, 5977, 6031)]"
1732,82097,[5153 2342],"[(5109, 5164, 2284, 2360)]"
1734,6468,[4920 2891],"[(4892, 4947, 2833, 2910)]"
1736,25390,[5359 5000],"[(5260, 5314, 4983, 5057)]"
1737,1752,[4948  871],"[(4918, 4972, 850, 891)]"
1738,17522,[4977  539],"[(4940, 4994, 529, 592)]"
1739,9959,[5053 4678],"[(5034, 5087, 4645, 4717)]"
1741,16884,[5082 4232],"[(5069, 5124, 4191, 4266)]"
1742,9736,[5025 1696],"[(4970, 5025, 1661, 1737)]"
1743,3618,[4956 5181],"[(4920, 4975, 5155, 5217)]"
1744,24493,[5111 5504],"[(4994, 5048, 5507, 5570)]"
1746,5047,[4994 4388],"[(4976, 5030, 4348, 4419)]"
1747,17236,[5135   67],"[(5146, 5200, 19, 93)]"
1750,70954,[5331  555],"[(5288, 5342, 480, 548)]"
1751,7449,[5095 5020],"[(5078, 5132, 4998, 5043)]"
1752,1037,[4983   31],"[(4958, 5007, 15, 51)]"
1753,2715,[5063 4572],[]
1756,8960,[5100 1542],"[(5153, 5208, 1506, 1569)]"
1757,33233,[5285   86],"[(5067, 5122, 107, 176)]"
1758,29159,[5116  566],"[(5021, 5076, 576, 651)]"
1759,23332,[5169 5876],"[(5023, 5078, 5792, 5866)]"
1760,4466,[5042 5619],"[(5026, 5074, 5582, 5650)]"
1763,10405,[5118 1607],"[(5060, 5115, 1581, 1655)]"
1764,4115,[5064 1234],"[(5053, 5108, 1196, 1265)]"
1766,1051,[5049  556],"[(5039, 5077, 532, 574)]"
1767,11985,[5142 4643],"[(5147, 5201, 4606, 4681)]"
1768,3584,[5048 3018],"[(5026, 5075, 2980, 3050)]"
1769,13384,[5144  543],"[(5139, 5193, 514, 588)]"
1770,7929,[5113  746],"[(5058, 5113, 712, 787)]"
1771,102974,[5468 4742],"[(5190, 5244, 4765, 4840), (5612, 5667, 4711, 4785)]"
1773,198608,[5470 2671],[]
1774,26274,[5304 4937],"[(5214, 5269, 4902, 4965)]"
1779,2102,[5068 3099],"[(5044, 5096, 3065, 3132)]"
1784,163060,[5703  217],"[(5302, 5357, 125, 199), (5848, 5903, 147, 221)]"
1786,12781,[5208 5183],"[(5161, 5216, 5155, 5229)]"
1788,28399,[5212 1021],"[(5123, 5178, 917, 992)]"
1791,2998,[5143  893],"[(5115, 5169, 865, 919)]"
1795,26110,[5368 5813],"[(5443, 5497, 5775, 5844)]"
1797,7909,[5167 3944],"[(5154, 5205, 3902, 3961), (5155, 5205, 3921, 3972)]"
1799,5360,[5291  760],"[(5256, 5310, 732, 785)]"
1800,38374,[5736 4807],"[(5185, 5234, 4843, 4899), (5813, 5867, 4755, 4824)]"
1801,37609,[5485 1480],"[(5483, 5537, 1465, 1528)]"
1803,6001,[5230  652],"[(5196, 5247, 621, 692)]"
1804,39908,[5321 1076],"[(5184, 5239, 1020, 1094)]"
1809,5011,[5207 5590],"[(5161, 5216, 5572, 5635)]"
1811,11452,[5315 5212],"[(5264, 5318, 5193, 5256)]"
1815,155374,[5985  977],"[(5467, 5521, 906, 975), (6014, 6068, 1038, 1106)]"
1817,200298,[6315 5010],"[(5722, 5777, 5034, 5102), (6396, 6450, 4952, 5020), (6753, 6807, 4943, 5012)]"
1818,1483,[5208 1214],"[(5183, 5234, 1191, 1237)]"
1820,10045,[5304 1161],"[(5268, 5323, 1107, 1175)]"
1822,3924,[5279  684],"[(5249, 5304, 648, 710)]"
1823,10742,[5443 1323],"[(5528, 5576, 1290, 1350)]"
1824,59858,[5507 5525],"[(5442, 5497, 5454, 5523)]"
1825,39091,[5418 1215],"[(5372, 5427, 1174, 1248)]"
1827,477936,[6049 5533],"[(5663, 5718, 5861, 5924), (5770, 5825, 5618, 5681), (5878, 5933, 5707, 5770), (6270, 6325, 5154, 5218), (6818, 6873, 5198, 5261)]"
1828,17170,[5498 1517],"[(5340, 5395, 1478, 1553)]"
1829,13264,[5356 2469],"[(5313, 5358, 2439, 2506)]"
1831,10059,[5404  215],"[(5345, 5400, 186, 242)]"
1833,6184,[5284 5590],"[(5240, 5295, 5559, 5634)]"
1835,1443,[5242 6301],"[(5216, 5268, 6268, 6324)]"
1838,3692,[5270 4023],"[(5232, 5284, 3993, 4048)]"
1839,259672,[6426  257],"[(5483, 5538, 314, 389), (6231, 6285, 317, 392), (6982, 7037, 72, 147)]"
1840,11493,[5424 4760],"[(5286, 5339, 4714, 4777)]"
1841,32610,[5486 4647],"[(5457, 5512, 4618, 4687)]"
1842,2654,[5316 5832],"[(5322, 5366, 5810, 5849)]"
1846,26081,[5541 6284],"[(5358, 5412, 6247, 6316)]"
1847,2783,[5291 6089],"[(5266, 5316, 6059, 6120)]"
1850,13287,[5530 1043],"[(5497, 5552, 1010, 1073)]"
1853,17100,[5448 6016],"[(5521, 5570, 5898, 5962)]"
1854,68757,[5669 1912],"[(5631, 5686, 1888, 1965)]"
1855,3601,[5429 5705],"[(5405, 5445, 5685, 5734)]"
1856,4140,[5389 1018],"[(5366, 5421, 988, 1049)]"
1857,17860,[5588 5414],"[(5625, 5680, 5361, 5424)]"
1858,12377,[5582   61],"[(5632, 5687, 15, 77)]"
1861,43963,[5820 6248],"[(5902, 5956, 6212, 6286)]"
1863,19300,[5643 2088],"[(5379, 5434, 2067, 2129)]"
1864,8518,[5512 1422],"[(5419, 5474, 1387, 1450)]"
1867,33476,[5603 5663],"[(5723, 5778, 5556, 5620)]"
1868,47946,[5703 1049],"[(5605, 5660, 951, 1025)]"
1869,10124,[5502  600],"[(5494, 5548, 570, 634)]"
1870,30321,[5717 6162],"[(5709, 5764, 6127, 6201)]"
1871,37251,[5660  847],"[(5649, 5703, 808, 871)]"
1872,11051,[5478 5240],"[(5454, 5509, 5206, 5274)]"
1873,11959,[5596  108],"[(5641, 5696, 62, 132)]"
1875,3395,[5643 2067],"[(5415, 5454, 2055, 2079)]"
1876,37529,[6198 2117],"[(5953, 5990, 2032, 2085), (6063, 6107, 2042, 2107)]"
1878,89747,[5863 5970],"[(5486, 5541, 6121, 6184)]"
1880,22222,[5699  524],"[(5609, 5664, 534, 597)]"
1881,9969,[5582 6275],"[(5580, 5634, 6244, 6307)]"
1883,5387,[5512 5386],"[(5469, 5524, 5357, 5420)]"
1884,2412,[5643 2059],"[(5735, 5772, 2050, 2069)]"
1885,52461,[5876  702],"[(5559, 5614, 674, 748)]"
1886,52060,[5751 1368],"[(5610, 5665, 1293, 1356)]"
1888,3181,[5574 1957],[]
1889,5693,[5543 3334],"[(5517, 5571, 3291, 3368)]"
1890,8206,[5612 6028],"[(5622, 5675, 5954, 6024)]"
1893,2254,[5554 6052],"[(5527, 5573, 6025, 6082)]"
1894,3468,[5553 2786],"[(5521, 5570, 2748, 2816)]"
1895,21806,[5858 5365],"[(5847, 5901, 5345, 5413)]"
1896,7078,[5604 3821],"[(5546, 5600, 3796, 3872)]"
1897,45785,[5881 1209],"[(6060, 6115, 1215, 1283)]"
1900,2340,[5598 4420],"[(5595, 5634, 4376, 4435)]"
1902,20066,[5676 2798],"[(5681, 5736, 2832, 2905)]"
1905,103847,[5956 4558],"[(6215, 6270, 4606, 4679)]"
1907,3201,[5639 5733],"[(5614, 5658, 5704, 5768)]"
1909,38563,[5840 1317],"[(5828, 5882, 1254, 1317)]"
1910,11453,[5780   72],"[(5747, 5801, 42, 111)]"
1911,3298,[5655 1226],"[(5627, 5672, 1196, 1262)]"
1912,32681,[5806 3321],"[(5728, 5782, 3235, 3311)]"
1913,8745,[5745 4852],"[(5766, 5821, 4816, 4881)]"
1914,3734,[5655 1747],"[(5629, 5683, 1718, 1781)]"
1915,25896,[5803  600],"[(5760, 5815, 578, 641)]"
1917,2398,[5669  733],"[(5648, 5691, 701, 764)]"
1918,6248,[5735 5790],"[(5765, 5805, 5753, 5813)]"
1921,2572,[5681  191],"[(5652, 5704, 170, 220)]"
1923,13669,[5857  362],"[(5740, 5795, 340, 401)]"
1925,10324,[5760 5227],"[(5698, 5752, 5197, 5265)]"
1928,3870,[5722 5794],"[(5687, 5738, 5764, 5835)]"
1929,10192,[5738 4472],"[(5715, 5770, 4430, 4507)]"
1932,293819,[6369 4408],"[(6047, 6101, 4380, 4456), (6548, 6602, 4397, 4473)]"
1934,7819,[5768  530],"[(5760, 5814, 489, 563)]"
1935,9380,[5780 4576],"[(5709, 5764, 4533, 4610)]"
1937,11110,[5763 2641],"[(5724, 5779, 2608, 2684)]"
1938,27717,[6088 2214],"[(6024, 6078, 2160, 2233)]"
1939,11508,[5849 6071],"[(5840, 5895, 6031, 6106)]"
1941,28612,[5967 4268],"[(5869, 5924, 4223, 4300)]"
1942,7967,[5844 5898],"[(5802, 5857, 5867, 5935)]"
1944,15320,[5875 2006],"[(5875, 5929, 1978, 2051)]"
1945,63602,[5967 3083],"[(5983, 6037, 3075, 3151)]"
1947,199679,[6128 2767],"[(6149, 6204, 2383, 2460), (6168, 6223, 2731, 2807)]"
1949,18920,[5930 4862],"[(5920, 5975, 4821, 4884)]"
1950,6891,[5862 5955],"[(5817, 5872, 5926, 5984)]"
1951,6088,[5842  814],"[(5803, 5858, 785, 849)]"
1955,8532,[5842 1595],"[(5790, 5845, 1548, 1624)]"
1956,211340,[6391 6117],"[(6009, 6064, 6035, 6104), (6605, 6660, 6090, 6159)]"
1957,1416,[5835  651],"[(5815, 5865, 624, 669)]"
1959,28293,[6245 4844],"[(6213, 6266, 4824, 4897)]"
1960,6230,[5894 5448],"[(5864, 5918, 5419, 5482)]"
1961,45715,[6213  762],"[(5962, 6017, 777, 840)]"
1962,35924,[6038  473],"[(6005, 6060, 442, 511)]"
1963,4466,[5919 4931],"[(5872, 5919, 4907, 4972)]"
1965,6242,[5944 5031],"[(5911, 5965, 4996, 5070)]"
1966,5460,[5906 1714],"[(5913, 5968, 1684, 1748)]"
1967,26970,[6074  685],"[(5973, 6027, 649, 718)]"
1968,66697,[6303 3259],"[(6618, 6673, 3119, 3196)]"
1969,17114,[6125 1376],"[(6230, 6285, 1355, 1418)]"
1970,9029,[5946 4742],"[(5920, 5975, 4707, 4781)]"
1971,3722,[5913 1043],"[(5889, 5944, 1012, 1071)]"
1972,59311,[6317 5779],"[(6330, 6385, 5642, 5716)]"
1975,30675,[6134 1210],"[(5928, 5983, 1091, 1155)]"
1976,7383,[5996 4170],"[(5896, 5951, 4134, 4205)]"
1979,326,[5902 3528],"[(5885, 5921, 3508, 3548)]"
1980,20052,[6163 5267],"[(5912, 5967, 5222, 5296)]"
1981,7510,[6026 1426],"[(5923, 5977, 1386, 1460)]"
1983,28134,[6172  576],"[(5949, 6004, 549, 613)]"
1985,17224,[6153 4822],"[(6186, 6241, 4774, 4848)]"
1988,7932,[6002  897],"[(5951, 6005, 879, 943)]"
1989,131558,[6364  113],"[(6160, 6214, 66, 135), (6483, 6538, 55, 124)]"
1991,5974,[6001 3502],"[(5987, 6037, 3458, 3530)]"
1994,33552,[6210  824],"[(6151, 6206, 798, 872)]"
1997,3685,[6097 4711],"[(6075, 6115, 4686, 4742)]"
1998,10308,[6073 1309],"[(6005, 6060, 1260, 1334)]"
1999,25070,[6132 6233],"[(6125, 6180, 6215, 6278)]"
2000,17603,[6161 3251],"[(6332, 6381, 3115, 3180)]"
2001,16212,[6209 1439],"[(6038, 6093, 1393, 1467)]"
2002,10337,[6098 5482],"[(6077, 6128, 5441, 5512)]"
2003,101113,[7198 5183],"[(6949, 7004, 5115, 5178), (7506, 7561, 5279, 5342)]"
2006,11034,[6144 2168],"[(6136, 6191, 2140, 2216)]"
2007,82253,[6416 1032],"[(6233, 6288, 1023, 1098)]"
2008,3439,[6082 1501],"[(6051, 6106, 1474, 1530)]"
2009,42516,[6172 1920],"[(6122, 6177, 1917, 1993)]"
2011,84237,[6386 2899],"[(6414, 6469, 2835, 2912)]"
2012,73186,[6493 5494],"[(6414, 6468, 5543, 5607)]"
2014,10867,[6186 2129],"[(6224, 6279, 2096, 2173)]"
2015,2251,[6097 5732],"[(6071, 6125, 5707, 5758)]"
2016,16743,[6288 1519],"[(6215, 6270, 1465, 1524)]"
2017,6005,[6135 3294],"[(6116, 6169, 3253, 3326)]"
2018,795,[6094   29],"[(6070, 6115, 15, 50)]"
2019,3510,[6133 5879],"[(6112, 6167, 5852, 5916)]"
2020,14448,[6353 4694],"[(6139, 6194, 4732, 4795)]"
2021,16216,[6206 4994],"[(6130, 6184, 4913, 4987)]"
2024,5259,[6189 1330],"[(6188, 6243, 1298, 1363)]"
2026,7241,[6211 1671],"[(6245, 6288, 1678, 1741)]"
2028,3129,[6142 4588],"[(6124, 6177, 4560, 4622)]"
2029,10476,[6209 3191],"[(6180, 6234, 3154, 3229)]"
2031,4579,[6154 2290],"[(6142, 6193, 2265, 2337)]"
2032,5605,[6196 5955],"[(6128, 6167, 5970, 6030)]"
2033,2920,[6159 5155],"[(6134, 6189, 5133, 5177)]"
2034,7544,[6228 5582],"[(6213, 6267, 5546, 5614)]"
2035,9667,[6260 1442],"[(6221, 6275, 1414, 1470)]"
2036,14465,[6255  447],"[(6159, 6214, 439, 513)]"
2037,55414,[6416  522],"[(6513, 6568, 469, 544)]"
2038,1622,[6213 2092],"[(6205, 6239, 2077, 2115)]"
2039,49771,[6299 3395],"[(6214, 6268, 3289, 3365)]"
2044,20322,[6281 6105],"[(6235, 6289, 6013, 6087)]"
2048,6064,[6254 5753],"[(6254, 6308, 5706, 5774)]"
2050,498,[6185 1019],[]
2052,1797,[6211 5777],"[(6185, 6238, 5757, 5799)]"
2053,7293,[6244 4449],"[(6238, 6293, 4431, 4507)]"
2054,35087,[6470 5946],"[(6405, 6460, 5875, 5939)]"
2055,1327,[6237 5915],"[(6223, 6255, 5885, 5936)]"
2057,2039,[6230 2261],"[(6203, 6254, 2226, 2295)]"
2061,5500,[6352 1187],"[(6361, 6406, 1161, 1224)]"
2062,4268,[6338 1542],"[(6242, 6290, 1507, 1561)]"
2063,29699,[6421 1705],"[(6476, 6531, 1601, 1664)]"
2064,6653,[6283 2571],"[(6295, 6341, 2604, 2669)]"
2065,4300,[6258 2432],"[(6231, 6282, 2434, 2490)]"
2066,4118,[6274  792],"[(6236, 6291, 771, 834)]"
2069,4501,[6362 6304],"[(6366, 6421, 6277, 6324)]"
2071,8373,[6325 1001],"[(6312, 6367, 981, 1044)]"
2076,3672,[6311 1354],"[(6284, 6337, 1325, 1383)]"
2078,20779,[6617 4627],"[(6596, 6650, 4591, 4655)]"
2082,4717,[6301 2142],"[(6292, 6338, 2058, 2116)]"
2083,63045,[6398 2351],"[(6443, 6497, 2166, 2243)]"
2084,10643,[6373 1235],"[(6302, 6357, 1202, 1276)]"
2086,5970,[6391 1539],"[(6386, 6441, 1513, 1573)]"
2087,8031,[6378 2180],"[(6377, 6425, 2129, 2197)]"
2088,10249,[6435 1400],"[(6443, 6498, 1369, 1444)]"
2090,35277,[6998 4660],"[(6739, 6792, 4707, 4779), (6928, 6983, 4655, 4730)]"
2091,22700,[6594 4216],"[(6337, 6391, 4160, 4228)]"
2092,7457,[6400 4341],"[(6345, 6397, 4297, 4368)]"
2094,19940,[6412 2378],"[(6392, 6446, 2323, 2395)]"
2095,78971,[6803 4800],"[(6588, 6643, 4821, 4895), (6913, 6960, 4761, 4828)]"
2097,6089,[6374 5819],"[(6351, 6406, 5784, 5847)]"
2098,8785,[6462 1062],"[(6413, 6468, 1018, 1082)]"
2099,1927,[6347 5493],"[(6320, 6372, 5466, 5527)]"
2100,6733,[6369 2148],"[(6331, 6386, 2111, 2188)]"
2101,23171,[6671 4705],"[(6811, 6865, 4656, 4729)]"
2103,6510,[6452 1258],"[(6404, 6451, 1220, 1288)]"
2104,8264,[6402 4449],"[(6381, 6436, 4411, 4487)]"
2106,14270,[6489 5654],"[(6427, 6473, 5657, 5723)]"
2107,10901,[6459 3246],"[(6420, 6474, 3202, 3276)]"
2109,31850,[6579 2614],"[(6573, 6614, 2690, 2750)]"
2111,46403,[6498 1958],"[(6446, 6501, 1913, 1989)]"
2113,3140,[6409 5066],"[(6387, 6439, 5041, 5091)]"
2114,5386,[6563 2064],"[(6595, 6647, 2024, 2096)]"
2117,88514,[7088 4353],"[(6712, 6767, 4305, 4381), (7183, 7238, 4321, 4397)]"
2118,7402,[6449 3033],"[(6411, 6465, 2995, 3072)]"
2119,28742,[6745 4288],"[(6644, 6698, 4250, 4327)]"
2121,6482,[6455  947],"[(6445, 6499, 918, 981)]"
2122,2757,[6514 4670],"[(6542, 6576, 4633, 4683)]"
2123,12765,[6504 4560],"[(6390, 6444, 4534, 4607)]"
2124,3116,[6430 5391],"[(6426, 6476, 5352, 5416)]"
2125,6096,[6471 6241],"[(6443, 6495, 6206, 6275)]"
2126,16699,[6476 1308],"[(6458, 6513, 1282, 1355)]"
2127,11456,[6529 4930],"[(6540, 6595, 4917, 4980)]"
2132,5461,[6422 2572],"[(6398, 6453, 2516, 2593)]"
2133,26262,[6522  769],"[(6438, 6493, 688, 763)]"
2134,38594,[6592 5711],"[(6537, 6591, 5680, 5744)]"
2135,358123,[7241 3393],"[(7009, 7064, 3332, 3409), (7214, 7269, 3245, 3321), (7576, 7630, 3740, 3817)]"
2136,6057,[6509 5188],"[(6510, 6564, 5164, 5212)]"
2138,7888,[6471 3350],"[(6441, 6496, 3327, 3403)]"
2139,10069,[6534  275],"[(6538, 6593, 237, 305)]"
2140,6980,[6501 1838],"[(6530, 6578, 1843, 1911)]"
2141,8661,[6486 3080],"[(6448, 6502, 3055, 3131)]"
2142,24240,[6745 4658],"[(6946, 7001, 4599, 4671)]"
2144,3412,[6447 2637],"[(6419, 6474, 2605, 2681)]"
2145,3963,[6447 2476],"[(6422, 6473, 2445, 2517)]"
2148,11019,[6490 1728],"[(6466, 6521, 1670, 1746)]"
2150,16527,[6547 1380],"[(6580, 6631, 1220, 1281)]"
2154,75176,[6729  422],"[(6665, 6719, 444, 513)]"
2155,71564,[6849 5842],"[(6722, 6777, 5889, 5952)]"
2159,13829,[6621  621],"[(6531, 6585, 633, 696)]"
2160,8678,[6558 2849],"[(6543, 6598, 2849, 2925)]"
2161,25200,[6609 2233],"[(6582, 6637, 2187, 2261)]"
2162,19513,[6721 1601],"[(6800, 6855, 1534, 1608)]"
2163,17558,[6535 2496],"[(6481, 6536, 2556, 2620)]"
2164,697621,[7312 2938],"[(6992, 7047, 2857, 2934), (7065, 7119, 3063, 3139), (7267, 7322, 2568, 2645), (7567, 7622, 3106, 3182)]"
2165,10862,[6561 1568],"[(6520, 6575, 1527, 1603)]"
2166,24605,[6692  725],"[(6708, 6763, 620, 683)]"
2167,11062,[6609 1017],"[(6620, 6675, 980, 1043)]"
2168,2784,[6533 1755],"[(6517, 6561, 1750, 1802)]"
2169,5079,[6570  865],"[(6558, 6613, 821, 896)]"
2170,8753,[6601 5000],"[(6523, 6577, 4982, 5056)]"
2171,8801,[6604 1778],"[(6589, 6643, 1733, 1810)]"
2172,7401,[6625 1865],"[(6632, 6687, 1854, 1930)]"
2173,11979,[6673 1493],"[(6651, 6706, 1461, 1526)]"
2174,22788,[6764  602],"[(6820, 6875, 542, 611)]"
2175,20409,[6773 5046],"[(6814, 6869, 5009, 5083)]"
2177,3259,[6557 1733],"[(6529, 6584, 1702, 1766)]"
2178,95113,[7070 5468],"[(6762, 6817, 5445, 5519), (7120, 7175, 5325, 5399)]"
2179,6189,[6675 5471],"[(6724, 6769, 5387, 5449)]"
2180,9989,[6609 2591],"[(6550, 6605, 2562, 2638)]"
2183,8110,[6570 2139],"[(6549, 6604, 2089, 2165)]"
2185,1811,[6579 1196],"[(6557, 6605, 1159, 1227)]"
2187,39970,[6780 1270],"[(6728, 6783, 1124, 1198)]"
2190,162693,[6876 2322],"[(6876, 6930, 2256, 2333)]"
2191,1758,[6601 1448],"[(6573, 6624, 1429, 1469)]"
2192,19418,[6893 2735],"[(6979, 7034, 2706, 2777)]"
2193,6641,[6638 1553],"[(6641, 6695, 1518, 1595)]"
2194,26440,[6816 4841],"[(6928, 6983, 4826, 4890)]"
2195,4887,[6642 1929],"[(6613, 6662, 1888, 1957)]"
2197,2442,[6651 1736],"[(6637, 6676, 1698, 1746)]"
2199,22630,[6727 3591],"[(6723, 6778, 3561, 3637)]"
2200,12239,[6705 6244],"[(6681, 6735, 6219, 6282)]"
2201,7991,[6652 1336],"[(6596, 6650, 1303, 1378)]"
2204,4621,[6687 1408],"[(6617, 6666, 1387, 1430)]"
2206,1842,[6642 2256],"[(6636, 6668, 2211, 2264)]"
2213,9177,[6697  845],"[(6695, 6750, 821, 890)]"
2214,5554,[6711 1767],"[(6702, 6753, 1711, 1782)]"
2216,16325,[6829 2508],"[(6842, 6897, 2453, 2529)]"
2217,3304,[6671  240],"[(6632, 6686, 215, 279)]"
2218,26895,[6764 1291],"[(6733, 6788, 1281, 1358)]"
2220,1847,[6658 2627],"[(6632, 6683, 2599, 2656)]"
2221,56376,[6825  751],"[(6791, 6846, 664, 727)]"
2222,1815,[6668 5502],[]
2223,6758,[6728 1452],"[(6693, 6748, 1427, 1479)]"
2225,10707,[6712 1857],"[(6693, 6748, 1821, 1897)]"
2227,7512,[6691 5828],"[(6664, 6718, 5785, 5848)]"
2229,5224,[6719 1594],"[(6721, 6773, 1541, 1607)]"
2230,54488,[6894 5553],"[(6642, 6696, 5551, 5614)]"
2233,6463,[6699 2038],"[(6682, 6736, 1983, 2058)]"
2234,9531,[6801 2121],"[(6795, 6850, 2085, 2162)]"
2235,8999,[6757 1702],"[(6727, 6782, 1670, 1734)]"
2236,12119,[6804  130],"[(6818, 6870, 60, 126)]"
2240,61797,[7162 6108],"[(6931, 6986, 6140, 6214), (7190, 7244, 6066, 6140)]"
2244,105147,[6939  927],"[(6828, 6883, 949, 1023)]"
2245,26590,[7083 4540],"[(7003, 7058, 4512, 4587)]"
2246,4647,[6773 5156],"[(6734, 6786, 5130, 5184)]"
2247,5528,[6773 2584],"[(6705, 6756, 2562, 2630)]"
2248,2021,[6715 5502],"[(6689, 6742, 5473, 5535)]"
2249,5182,[6783 1263],"[(6741, 6793, 1232, 1293)]"
2250,7659,[6771 1787],"[(6768, 6822, 1745, 1821)]"
2251,7749,[6818 4535],"[(6745, 6800, 4509, 4581)]"
2253,7080,[6785 2011],"[(6759, 6810, 1988, 2059)]"
2254,28480,[6855 1850],"[(6789, 6843, 1852, 1921)]"
2256,9700,[6868 5847],"[(6940, 6994, 5807, 5875)]"
2257,5784,[6780 2156],"[(6731, 6786, 2123, 2199)]"
2258,154097,[7239 5832],"[(7422, 7476, 5820, 5884)]"
2259,3447,[6750 1643],"[(6721, 6776, 1604, 1678)]"
2260,20141,[6920  250],"[(6793, 6848, 219, 293)]"
2261,5347,[6773 2459],"[(6747, 6802, 2401, 2474)]"
2262,3291,[6793 2048],"[(6750, 6788, 2053, 2111)]"
2264,2748,[6783  757],"[(6757, 6811, 728, 783)]"
2265,47656,[7030 1401],"[(6936, 6991, 1406, 1475)]"
2267,8823,[6804 3140],"[(6765, 6820, 3090, 3166)]"
2269,5274,[6816 6298],"[(6760, 6814, 6261, 6324)]"
2276,12046,[6961 2496],"[(6924, 6974, 2469, 2539)]"
2277,2488,[6843 1683],"[(6808, 6858, 1649, 1712)]"
2278,21785,[6928 5337],"[(6950, 7004, 5286, 5360)]"
2279,2980,[6796 3213],"[(6769, 6822, 3177, 3251)]"
2280,30866,[7012 5665],"[(6853, 6907, 5668, 5736)]"
2282,14824,[6894 1602],"[(6890, 6945, 1552, 1628)]"
2285,38634,[7401 4315],"[(7023, 7078, 4226, 4295), (7542, 7597, 4329, 4403)]"
2286,17300,[7149 4570],"[(7186, 7240, 4522, 4595)]"
2289,3187,[6853 1231],"[(6833, 6888, 1205, 1258)]"
2290,8701,[6877 1345],"[(6850, 6905, 1306, 1383)]"
2291,2176,[6834 1805],"[(6810, 6859, 1775, 1835)]"
2292,24598,[6958 1964],"[(6971, 7026, 1859, 1935)]"
2293,3418,[6849  872],"[(6824, 6878, 831, 899)]"
2295,49548,[7158 6251],"[(7192, 7247, 6237, 6300)]"
2299,3900,[6889  204],"[(6861, 6912, 168, 234)]"
2302,23381,[6998 1616],"[(6934, 6988, 1636, 1700)]"
2305,17555,[6997 6079],"[(6958, 7013, 6045, 6119)]"
2306,5614,[6936 3088],"[(6890, 6945, 3055, 3121)]"
2308,52629,[7385 6160],"[(7243, 7298, 6138, 6202)]"
2312,8777,[6967 2007],"[(6899, 6954, 1945, 2022)]"
2313,22166,[7196 5301],"[(7214, 7269, 5279, 5348)]"
2314,5739,[6932 3280],"[(6913, 6967, 3244, 3317)]"
2315,1793,[6898 1656],"[(6873, 6922, 1622, 1693)]"
2316,6070,[6937 1874],"[(6893, 6946, 1860, 1935)]"
2317,4890,[6944 1802],"[(6903, 6951, 1796, 1856)]"
2320,21982,[7149 4685],"[(7081, 7136, 4682, 4746)]"
2322,2306,[6926  681],"[(6904, 6956, 648, 716)]"
2324,23411,[7145 5906],"[(7111, 7166, 5898, 5961)]"
2325,16761,[7189 3971],"[(6967, 7004, 3821, 3878)]"
2327,7790,[7019 2132],"[(7032, 7084, 2116, 2188)]"
2329,13561,[7015 5645],"[(6966, 7021, 5612, 5686)]"
2331,7546,[6957 1259],"[(6927, 6982, 1232, 1295)]"
2332,1667,[6962 1529],"[(6938, 6984, 1506, 1556)]"
2334,9915,[7059 1973],"[(7029, 7083, 1929, 2006)]"
2335,4862,[6996 5397],"[(6954, 7009, 5377, 5440)]"
2337,3784,[7023 4458],"[(7026, 7077, 4429, 4487)]"
2338,13367,[7081  526],"[(7070, 7120, 470, 535)]"
2340,50198,[7332  836],"[(6963, 7018, 901, 970)]"
2343,8574,[7086 1878],"[(7116, 7171, 1901, 1975)]"
2344,15917,[7042  813],"[(6993, 7047, 777, 840)]"
2346,24559,[7152 4096],"[(7189, 7244, 4037, 4114)]"
2348,155374,[7369 4809],"[(7290, 7345, 4781, 4855)]"
2349,6457,[7135 2092],"[(7105, 7155, 2055, 2116)]"
2350,28261,[7164 1839],"[(7029, 7084, 1738, 1813)]"
2352,13123,[7085 5495],"[(7073, 7128, 5453, 5521)]"
2353,4202,[7084 1153],"[(7085, 7140, 1128, 1176)]"
2354,16902,[7204 1139],"[(7184, 7239, 1100, 1174)]"
2355,20692,[7225 2033],"[(7047, 7102, 2007, 2082)]"
2356,19881,[7171 2153],"[(7190, 7245, 2132, 2208)]"
2358,2159,[7021 5196],"[(6994, 7049, 5176, 5219)]"
2360,3698,[7062 1193],"[(7066, 7116, 1173, 1223)]"
2361,107798,[7379  541],"[(7256, 7310, 632, 707)]"
2362,16638,[7156  542],"[(7026, 7080, 532, 596)]"
2363,6910,[7128 2416],"[(7146, 7197, 2364, 2434)]"
2364,1466,[7019 1300],[]
2365,14847,[7091 1231],"[(7012, 7067, 1208, 1284)]"
2367,2971,[7072  599],"[(7055, 7101, 564, 630)]"
2368,12861,[7103  242],"[(7092, 7141, 188, 249)]"
2369,2982,[7053 4015],"[(7028, 7078, 3985, 4049)]"
2370,12180,[7117 5087],"[(7131, 7185, 5029, 5092)]"
2373,10613,[7187  387],"[(7080, 7135, 388, 451)]"
2375,3072,[7054 1718],"[(7027, 7082, 1682, 1751)]"
2377,8446,[7086 1011],"[(7049, 7104, 984, 1059)]"
2379,4575,[7083 1446],"[(7035, 7090, 1421, 1491)]"
2380,27570,[7318  915],"[(7337, 7392, 870, 945)]"
2381,29298,[7224  325],"[(7130, 7184, 230, 298)]"
2383,12794,[7185 6029],"[(7135, 7189, 5988, 6056)]"
2384,1900,[7071 6024],"[(7042, 7094, 5997, 6053)]"
2385,18402,[7170 3811],"[(7082, 7137, 3759, 3835)]"
2386,1357,[7066 1832],[]
2388,9136,[7155  610],"[(7157, 7210, 635, 692)]"
2389,9022,[7129 1501],"[(7146, 7200, 1405, 1468)]"
2390,3823,[7102 2274],"[(7071, 7126, 2245, 2307)]"
2391,3544,[7093 5631],"[(7068, 7123, 5600, 5663)]"
2392,2949,[7124 4906],"[(7105, 7150, 4886, 4929)]"
2397,3970,[7104 1700],"[(7074, 7125, 1657, 1719)]"
2398,6807,[7162 1266],"[(7156, 7211, 1222, 1286)]"
2399,3588,[7112 1870],"[(7084, 7138, 1831, 1908)]"
2400,7702,[7151  335],"[(7129, 7183, 299, 373)]"
2403,3068,[7124 5143],"[(7097, 7149, 5114, 5173)]"
2404,4959,[7144 1338],"[(7084, 7130, 1333, 1393)]"
2406,16719,[7303 5098],"[(7322, 7377, 5037, 5109)]"
2407,41915,[7488 1693],"[(7254, 7303, 1489, 1557)]"
2409,3200,[7148 4600],"[(7131, 7186, 4576, 4626)]"
2410,35009,[7245 1030],"[(7165, 7220, 1000, 1074)]"
2411,6025,[7187 1628],"[(7157, 7208, 1587, 1660)]"
2413,11283,[7230 1598],"[(7133, 7188, 1541, 1613)]"
2414,4616,[7186 2217],"[(7132, 7180, 2168, 2235)]"
2417,4049,[7205 1292],"[(7202, 7246, 1247, 1311)]"
2418,23192,[7328 1695],"[(7156, 7210, 1646, 1722)]"
2420,41402,[7454 1767],"[(7462, 7516, 1771, 1847)]"
2423,12711,[7288 3748],"[(7291, 7346, 3696, 3773)]"
2426,13201,[7262 2477],"[(7268, 7323, 2427, 2503)]"
2427,5494,[7256  846],"[(7254, 7308, 818, 872), (7257, 7289, 816, 863)]"
2428,2750,[7174 1886],"[(7148, 7198, 1851, 1912)]"
2430,27440,[7421 4969],"[(7458, 7513, 4916, 4991)]"
2431,17619,[7265 3156],"[(7221, 7276, 3114, 3190)]"
2433,22069,[7434 5015],"[(7366, 7421, 4979, 5043)]"
2434,2820,[7209 2084],"[(7182, 7237, 2058, 2112)]"
2435,7917,[7243 4454],"[(7200, 7255, 4422, 4499)]"
2436,21793,[7262 5434],"[(7231, 7286, 5404, 5468)]"
2438,9157,[7300 1368],"[(7244, 7291, 1366, 1433)]"
2440,1982,[7212   71],"[(7195, 7241, 36, 102)]"
2442,5921,[7337 1582],"[(7275, 7323, 1536, 1605)]"
2443,10233,[7395 2370],"[(7408, 7463, 2340, 2417)]"
2445,21776,[7327 1236],"[(7277, 7332, 1244, 1307)]"
2446,18455,[7312 3970],"[(7277, 7332, 3944, 4020)]"
2447,10114,[7309 2295],"[(7311, 7365, 2260, 2334)]"
2448,12577,[7423 4234],"[(7447, 7501, 4208, 4285)]"
2449,18668,[7367 1458],"[(7244, 7298, 1423, 1499)]"
2450,92205,[7535  272],"[(7420, 7474, 131, 205)]"
2451,15076,[7374 1924],"[(7342, 7397, 1885, 1957)]"
2452,11124,[7334 5713],"[(7247, 7302, 5721, 5794)]"
2453,2116,[7233 2356],"[(7206, 7260, 2328, 2387)]"
2454,14635,[7344  755],"[(7346, 7401, 714, 788)]"
2460,1623,[7257 1691],"[(7220, 7264, 1665, 1711)]"
2462,12055,[7299 1952],"[(7256, 7311, 1918, 1995)]"
2463,1963,[7255  606],"[(7232, 7279, 573, 640)]"
2464,5039,[7272 1169],"[(7252, 7307, 1118, 1193)]"
2468,2823,[7345 1614],"[(7362, 7409, 1593, 1655)]"
2469,4607,[7279  773],"[(7252, 7307, 740, 803)]"
2470,11009,[7433 2069],"[(7295, 7345, 2029, 2100)]"
2471,37339,[7675 2027],"[(7737, 7792, 2000, 2075)]"
2472,22542,[7433   60],"[(7406, 7461, 28, 97)]"
2474,28311,[7525 5173],"[(7265, 7320, 5156, 5218)]"
2476,10244,[7434 1642],"[(7475, 7530, 1596, 1664)]"
2477,3255,[7297 2163],"[(7268, 7314, 2116, 2183)]"
2478,13315,[7345 3828],"[(7289, 7342, 3781, 3853)]"
2483,3631,[7323 3536],"[(7278, 7332, 3536, 3606)]"
2484,3031,[7358 6250],"[(7308, 7345, 6255, 6308)]"
2485,10860,[7408  994],"[(7440, 7494, 939, 1013)]"
2489,7930,[7392  268],"[(7414, 7468, 233, 296)]"
2490,30838,[7509 1103],"[(7433, 7487, 1120, 1189)]"
2491,8962,[7467 1895],"[(7510, 7565, 1883, 1946)]"
2492,2977,[7334 2231],"[(7317, 7366, 2211, 2272)]"
2494,25776,[7578 1392],"[(7470, 7524, 1369, 1442)]"
2496,22058,[7403  582],"[(7372, 7426, 539, 607)]"
2497,73661,[7646 5619],"[(7617, 7672, 5574, 5643)]"
2498,13291,[7416 6254],"[(7397, 7451, 6221, 6290)]"
2499,12158,[7404 1755],"[(7336, 7391, 1739, 1816)]"
2500,4538,[7381 1358],"[(7316, 7371, 1318, 1390)]"
2501,2272,[7339 2148],"[(7315, 7363, 2110, 2178)]"
2504,50598,[7497 2836],"[(7505, 7560, 2737, 2813)]"
2505,8163,[7426 1571],"[(7422, 7477, 1539, 1611)]"
2506,2066,[7356 3841],[]
2507,18936,[7534 4437],"[(7559, 7613, 4395, 4458)]"
2508,7095,[7442 5417],"[(7468, 7517, 5358, 5423)]"
2509,13493,[7433 2158],"[(7369, 7423, 2100, 2175)]"
2513,5688,[7385 2214],"[(7363, 7417, 2181, 2257)]"
2514,17386,[7486 5480],"[(7450, 7504, 5444, 5508)]"
2515,34307,[7646 2115],"[(7674, 7729, 2087, 2163)]"
2516,16358,[7409 3634],"[(7360, 7415, 3304, 3378)]"
2518,62142,[7622 1302],"[(7517, 7571, 1256, 1333)]"
2519,3405,[7404 3993],"[(7373, 7427, 3946, 4023)]"
2520,4074,[7533 2698],"[(7584, 7635, 2672, 2741)]"
2521,16343,[7389 3659],"[(7371, 7420, 3686, 3746)]"
2523,18337,[7643 1517],"[(7806, 7860, 1493, 1554)]"
2525,16985,[7619 2660],"[(7438, 7493, 2641, 2700)]"
2526,6938,[7436 2276],"[(7406, 7461, 2245, 2321)]"
2527,3596,[7415 4061],"[(7383, 7437, 4023, 4097)]"
2528,10827,[7512  798],"[(7523, 7578, 759, 823)]"
2530,9632,[7661 5068],"[(7785, 7832, 5052, 5101)]"
2532,9830,[7547 2565],"[(7441, 7482, 2427, 2488)]"
2534,49671,[7632 5967],"[(7596, 7651, 5897, 5961)]"
2536,3251,[7452  431],"[(7421, 7475, 404, 466)]"
2537,10570,[7682 4446],"[(7717, 7772, 4399, 4472)]"
2538,39468,[7676 6226],"[(7526, 7581, 6245, 6308)]"
2539,4382,[7474  901],"[(7458, 7513, 865, 929)]"
2540,5120,[7463 3422],"[(7426, 7481, 3396, 3472)]"
2541,2222,[7448 4564],"[(7420, 7475, 4537, 4589)]"
2543,13048,[7532 4779],"[(7446, 7501, 4782, 4849)]"
2544,4995,[7551 5535],"[(7541, 7591, 5500, 5567)]"
2546,32644,[7636 2387],"[(7515, 7570, 2300, 2377)]"
2547,6744,[7528 5895],"[(7539, 7586, 5827, 5894)]"
2548,22034,[7689 2197],"[(7786, 7840, 2192, 2268)]"
2550,16836,[7549  613],"[(7490, 7545, 593, 668), (7618, 7648, 505, 555)]"
2552,3416,[7472 4065],"[(7443, 7495, 4022, 4084)]"
2553,14545,[7570  919],"[(7513, 7565, 930, 991)]"
2554,3699,[7531 1953],"[(7511, 7559, 1929, 1979)]"
2556,23814,[7544 3950],"[(7509, 7564, 3931, 4003)]"
2557,7477,[7522 4197],"[(7478, 7529, 4130, 4200)]"
2559,3235,[7559 1208],"[(7478, 7529, 1172, 1233)]"
2561,26783,[7747 2295],"[(7786, 7841, 2284, 2361)]"
2562,22398,[7699 2544],"[(7766, 7820, 2548, 2624)]"
2563,40300,[7748 5148],"[(7829, 7884, 5065, 5139)]"
2567,26004,[7639  586],"[(7666, 7720, 554, 618)]"
2568,16499,[7703 2480],"[(7801, 7852, 2499, 2569)]"
2569,8313,[7556 4543],"[(7514, 7569, 4500, 4574)]"
2571,18706,[7601 2559],"[(7549, 7604, 2506, 2582)]"
2573,13290,[7634 4824],"[(7548, 7602, 4794, 4858)]"
2574,13739,[7648 1455],"[(7583, 7638, 1406, 1480)]"
2575,8102,[7574 5702],"[(7565, 7620, 5658, 5733)]"
2578,7587,[7602 1563],"[(7553, 7607, 1534, 1603)]"
2579,3182,[7521 4088],"[(7498, 7545, 4053, 4121)]"
2580,8587,[7622 1008],"[(7524, 7577, 1003, 1075)]"
2581,10791,[7593 4247],"[(7542, 7594, 4155, 4227)]"
2582,4139,[7563 5225],"[(7519, 7574, 5197, 5263)]"
2583,3403,[7551  459],"[(7523, 7578, 428, 489)]"
2585,9329,[7607 1811],"[(7606, 7661, 1748, 1821)]"
2586,10808,[7647 1058],"[(7672, 7727, 998, 1062)]"
2587,27562,[7743 6021],"[(7782, 7836, 5964, 6032)]"
2588,2365,[7557  101],"[(7530, 7581, 73, 134)]"
2589,9213,[7653 2335],"[(7603, 7647, 2284, 2348)]"
2590,3020,[7645 2482],"[(7614, 7649, 2449, 2504)]"
2591,24516,[7719 6185],"[(7752, 7807, 6151, 6225)]"
2592,24937,[7679 3311],"[(7690, 7745, 3241, 3317)]"
2593,2770,[7577 4075],"[(7521, 7557, 4015, 4073)]"
2594,4651,[7568 4127],"[(7540, 7593, 4092, 4166)]"
2595,2475,[7567 3530],"[(7544, 7593, 3498, 3564)]"
2596,47678,[7751  167],"[(7767, 7822, 85, 148)]"
2597,2391,[7565 1184],"[(7532, 7587, 1157, 1213)]"
2598,8736,[7640 4496],"[(7635, 7689, 4464, 4535)]"
2599,6554,[7640 4724],"[(7583, 7629, 4684, 4748)]"
2600,1427,[7552 4581],"[(7527, 7574, 4549, 4615)]"
2602,2958,[7701 1234],[]
2603,13262,[7784 4701],"[(7838, 7893, 4610, 4684)]"
2604,9852,[7688 1579],"[(7660, 7714, 1550, 1623)]"
2608,14492,[7676 2292],"[(7650, 7704, 2254, 2330)]"
2609,7854,[7622   93],"[(7623, 7674, 21, 92)]"
2613,22084,[7723 4994],"[(7765, 7820, 4958, 5021)]"
2614,1925,[7569  232],"[(7545, 7598, 201, 263)]"
2616,12203,[7683 4121],"[(7599, 7654, 4055, 4118)]"
2617,18252,[7756 1073],"[(7812, 7867, 1002, 1076)]"
2619,3203,[7618 4244],"[(7591, 7636, 4212, 4275)]"
2620,22393,[7747 4656],"[(7794, 7849, 4670, 4733)]"
2621,5058,[7695 5065],"[(7715, 7766, 5045, 5084)]"
2622,17821,[7727 1705],"[(7723, 7778, 1667, 1743)]"
2627,15062,[7697 1884],"[(7693, 7747, 1843, 1919)]"
2628,5726,[7718  538],"[(7604, 7636, 495, 547)]"
2629,17809,[7791 4444],"[(7833, 7888, 4363, 4438)]"
2631,2443,[7613 4163],"[(7584, 7632, 4131, 4200)]"
2634,16863,[7657 3949],"[(7625, 7680, 3950, 4026)]"
2635,10296,[7740 1212],"[(7634, 7689, 1168, 1228)]"
2636,8139,[7796 4569],"[(7831, 7885, 4525, 4599)]"
2638,2921,[7624 2768],"[(7595, 7650, 2733, 2809)]"
2640,21812,[7777 1805],"[(7804, 7858, 1731, 1807)]"
2642,8209,[7728 4344],"[(7738, 7793, 4300, 4374)]"
2644,17722,[7771 1158],"[(7763, 7818, 1120, 1196)]"
2646,4541,[7743 4808],"[(7771, 7825, 4772, 4833)]"
2647,42124,[7769  750],"[(7817, 7871, 624, 687)]"
2648,12044,[7745 1616],"[(7709, 7764, 1586, 1662)]"
2649,7675,[7684  110],"[(7637, 7686, 122, 187)]"
2650,6457,[7782 4530],"[(7790, 7839, 4481, 4545)]"
2651,3842,[7706 6298],"[(7685, 7739, 6266, 6324)]"
2653,8170,[7707 4209],"[(7671, 7725, 4170, 4246)]"
2654,5985,[7680 5781],"[(7641, 7696, 5760, 5823)]"
2655,18988,[7824 2746],"[(7828, 7883, 2764, 2840)]"
2656,1924,[7706 4174],"[(7696, 7728, 4150, 4202)]"
2657,7236,[7729 4637],"[(7721, 7776, 4599, 4663)]"
2658,46852,[7784 5336],"[(7718, 7772, 5336, 5410)]"
2659,2413,[7684 5705],"[(7674, 7710, 5665, 5720)]"
2660,3727,[7681 2845],"[(7652, 7697, 2802, 2867)]"
2662,8009,[7715  229],"[(7694, 7749, 201, 264)]"
2663,2890,[7754 4473],"[(7745, 7796, 4450, 4494)]"
2664,19093,[7784 5522],"[(7800, 7854, 5453, 5516)]"
2666,2473,[7703 5710],"[(7679, 7723, 5680, 5743)]"
2668,14235,[7801 1431],"[(7810, 7865, 1396, 1473)]"
2669,41344,[7806 4038],"[(7768, 7823, 4005, 4081)]"
2670,14118,[7801  335],"[(7811, 7866, 300, 363)]"
2671,9423,[7801  987],"[(7807, 7862, 944, 1018)]"
2672,6123,[7830 1105],"[(7832, 7886, 1065, 1137)]"
2674,3847,[7774 4379],"[(7786, 7841, 4352, 4409)]"
2675,10356,[7806  440],"[(7818, 7872, 393, 457)]"
2678,6474,[7836 4207],"[(7842, 7892, 4171, 4242)]"
2679,30120,[7813 3795],"[(7781, 7836, 3744, 3820)]"
2681,3653,[7776   48],"[(7751, 7801, 15, 65)]"
2683,16220,[7823 5685],"[(7806, 7861, 5650, 5725)]"
2684,3664,[7773 4290],"[(7749, 7802, 4255, 4327)]"
2685,7229,[7824  922],"[(7833, 7887, 865, 934)]"
2686,8899,[7813 3078],"[(7733, 7788, 3076, 3148)]"
2687,2056,[7787 4258],"[(7766, 7817, 4224, 4283)]"
2688,9905,[7802  773],"[(7747, 7802, 778, 846)]"
2690,7740,[7832 4871],"[(7819, 7873, 4828, 4880)]"
2692,4681,[7830 5867],"[(7821, 7876, 5840, 5905)]"
2694,4668,[7788 5813],"[(7761, 7815, 5780, 5844)]"
2695,10243,[7841 1647],"[(7816, 7870, 1608, 1684)]"
2696,2943,[7796 6305],"[(7745, 7799, 6271, 6324)]"
2697,3469,[7837 2451],"[(7829, 7873, 2432, 2497)]"
2698,8729,[7831  856],"[(7819, 7874, 815, 878)]"
2699,3190,[7791 5588],"[(7749, 7802, 5567, 5628)]"
2700,2742,[7804 5301],"[(7778, 7832, 5276, 5326)]"
2701,3815,[7826 5754],"[(7808, 7859, 5726, 5776)]"
2702,4006,[7806  760],"[(7765, 7819, 721, 789)]"
2705,1598,[7831 4163],"[(7822, 7858, 4138, 4194)]"
2707,1373,[7831 1565],[]
2713,1126,[7837 1209],"[(7831, 7861, 1192, 1228)]"
2715,5408,[7837 5601],"[(7800, 7853, 5582, 5644)]"
2720,4771,[7844 1911],"[(7832, 7887, 1887, 1955)]"
2721,2012,[7821 3092],"[(7789, 7838, 3064, 3128)]"
2722,3015,[7841 4271],[]
2723,6270,[7854 1852],"[(7827, 7881, 1818, 1895)]"
2727,1677,[7860 4604],"[(7833, 7882, 4579, 4625)]"
2728,2506,[7865 5531],[]
2729,3477,[7862 2181],"[(7837, 7892, 2155, 2228)]"
2732,1834,[7855 3662],"[(7832, 7881, 3631, 3694)]"
2734,2245,[7867 2434],"[(7839, 7890, 2409, 2460), (7843, 7885, 2419, 2472)]"
2735,3564,[7865 3153],"[(7838, 7887, 3113, 3182)]"
2737,2594,[7870 2056],"[(7837, 7892, 2020, 2094)]"
2738,2043,[7871  460],"[(7842, 7893, 431, 488)]"
2741,418,[7867 2578],"[(7847, 7880, 2560, 2598)]"
2742,1929,[7869 4490],"[(7840, 7894, 4462, 4517)]"
2743,2472,[7874 6247],"[(7845, 7896, 6222, 6281)]"
2750,2310,[7874 3101],"[(7847, 7897, 3061, 3133)]"
2759,1502,[7881 2324],"[(7855, 7899, 2291, 2355)]"
2760,873,[7878 2150],"[(7858, 7899, 2130, 2173)]"
2761,886,[7883   72],"[(7861, 7899, 41, 95)]"
2765,461,[7884 4245],"[(7867, 7899, 4227, 4269)]"
2767,554,[7885 5876],"[(7869, 7899, 5850, 5904)]"
